episode,scores,steps
0,-10,300
1,-10,600
2,100,820
3,-10,970
4,-10,1012
5,100,1080
6,-10,1380
7,100,1384
8,100,1531
9,-10,1831
10,-10,2131
11,-10,2431
12,-10,2731
13,-10,3031
14,-10,3331
15,-10,3631
16,-10,3931
17,100,3965
18,100,4145
19,-10,4445
20,-10,4647
21,-10,4727
22,-10,5027
23,-10,5327
24,-10,5627
25,-10,5927
26,-10,6227
27,100,6233
28,-10,6533
29,-10,6833
30,-10,7133
31,100,7152
32,-10,7452
33,-10,7752
34,-10,8052
35,-10,8352
36,-10,8652
37,-10,8952
38,-10,9252
39,-10,9552
40,-10,9852
41,100,9935
42,-10,10235
43,-10,10535
44,-10,10572
45,-10,10607
46,-10,10639
47,-10,10728
48,-10,11028
49,-10,11328
50,-10,11628
51,100,11634
52,100,11684
53,-10,11984
54,-10,12023
55,-10,12323
56,-10,12601
57,-10,12901
58,100,12927
59,-10,13227
60,-10,13527
61,-10,13827
62,-10,14127
63,-10,14427
64,-10,14727
65,-10,15027
66,-10,15327
67,-10,15627
68,-10,15927
69,-10,16227
70,100,16228
71,-10,16528
72,-10,16828
73,100,16928
74,-10,17228
75,-10,17528
76,100,17529
77,-10,17829
78,100,17857
79,-10,18157
80,-10,18457
81,-10,18757
82,-10,19057
83,100,19206
84,-10,19506
85,-10,19806
86,100,19829
87,-10,20129
88,-10,20429
89,100,20430
90,100,20651
91,-10,20951
92,100,21047
93,-10,21347
94,-10,21647
95,-10,21947
96,-10,22247
97,-10,22547
98,-10,22847
99,-10,23147
100,-10,23447
101,-10,23747
102,-10,24047
103,-10,24347
104,-10,24647
105,100,24712
106,100,24713
107,-10,25013
108,100,25031
109,-10,25331
110,-10,25631
111,100,25648
112,-10,25948
113,100,25972
114,-10,26272
115,-10,26572
116,100,26579
117,-10,26879
118,-10,27179
119,100,27184
120,100,27216
121,-10,27516
122,-10,27816
123,-10,28116
124,-10,28416
125,100,28436
126,-10,28736
127,-10,29036
128,-10,29336
129,-10,29636
130,-10,29936
131,-10,30236
132,-10,30536
133,-10,30836
134,-10,31136
135,-10,31436
136,-10,31736
137,-10,32036
138,-10,32336
139,-10,32636
140,-10,32936
141,-10,33236
142,-10,33536
143,-10,33836
144,-10,34136
145,-10,34436
146,-10,34736
147,100,34910
148,-10,35210
149,-10,35510
150,-10,35810
151,-10,36110
152,-10,36410
153,-10,36710
154,-10,37010
155,-10,37310
156,-10,37610
157,100,37810
158,100,37850
159,100,38095
160,-10,38395
161,-10,38695
162,-10,38995
163,-10,39295
164,-10,39595
165,-10,39895
166,-10,40195
167,-10,40495
168,100,40719
169,-10,41019
170,-10,41319
171,-10,41619
172,100,41760
173,-10,42060
174,100,42212
175,-10,42305
176,-10,42355
177,-10,42553
178,-10,42853
179,-10,43153
180,-10,43453
181,100,43454
182,100,43484
183,100,43674
184,-10,43969
185,-10,44010
186,100,44022
187,-10,44322
188,-10,44622
189,100,44660
190,-10,44960
191,-10,45260
192,-10,45560
193,-10,45860
194,-10,46160
195,-10,46460
196,100,46495
197,-10,46795
198,100,46829
199,100,46835
200,-10,47135
201,100,47197
202,-10,47497
203,-10,47797
204,-10,48097
205,-10,48397
206,-10,48697
207,-10,48997
208,-10,49297
209,-10,49597
210,100,49621
211,-10,49921
212,-10,50221
213,-10,50521
214,-10,50821
215,-10,51121
216,-10,51421
217,-10,51721
218,-10,52021
219,100,52042
220,-10,52342
221,-10,52642
222,-10,52942
223,100,53007
224,-10,53307
225,100,53402
226,100,53613
227,100,53668
228,100,53759
229,-10,54059
230,-10,54359
231,-10,54659
232,-10,54959
233,-10,55259
234,-10,55559
235,100,55586
236,-10,55886
237,-10,56186
238,100,56198
239,-10,56498
240,-10,56798
241,-10,56829
242,100,56849
243,-10,56877
244,100,56879
245,-10,56909
246,-10,57209
247,100,57240
248,-10,57540
249,-10,57840
250,-10,58140
251,100,58173
252,-10,58473
253,-10,58773
254,-10,59073
255,-10,59373
256,-10,59673
257,-10,59973
258,-10,60273
259,-10,60573
260,-10,60873
261,100,60961
262,100,60973
263,-10,61273
264,-10,61573
265,-10,61873
266,-10,62173
267,100,62347
268,-10,62647
269,-10,62947
270,-10,63247
271,-10,63547
272,100,63579
273,-10,63879
274,-10,64179
275,100,64295
276,-10,64595
277,100,64781
278,-10,65081
279,-10,65381
280,-10,65681
281,-10,65981
282,-10,66281
283,-10,66581
284,100,66813
285,-10,67113
286,-10,67413
287,100,67450
288,100,67451
289,100,67495
290,100,67527
291,-10,67827
292,-10,68127
293,100,68155
294,-10,68455
295,-10,68755
296,-10,69055
297,100,69138
298,-10,69438
299,-10,69738
300,-10,70038
301,100,70054
302,100,70063
303,100,70082
304,-10,70382
305,-10,70682
306,100,70683
307,100,70684
308,-10,70984
309,-10,71284
310,-10,71584
311,-10,71884
312,100,71897
313,-10,72197
314,100,72216
315,-10,72516
316,-10,72816
317,-10,73116
318,-10,73416
319,-10,73716
320,-10,74016
321,-10,74316
322,-10,74616
323,-10,74916
324,100,74917
325,-10,75217
326,-10,75517
327,-10,75817
328,-10,76117
329,-10,76417
330,-10,76717
331,-10,77017
332,100,77072
333,-10,77372
334,100,77373
335,-10,77673
336,-10,77973
337,100,77979
338,-10,78279
339,-10,78579
340,-10,78879
341,-10,79179
342,-10,79479
343,-10,79779
344,-10,80079
345,-10,80379
346,-10,80679
347,-10,80979
348,-10,81279
349,100,81280
350,-10,81580
351,-10,81880
352,-10,82180
353,-10,82480
354,-10,82780
355,100,82791
356,-10,83091
357,-10,83391
358,-10,83691
359,-10,83991
360,-10,84291
361,-10,84591
362,-10,84891
363,-10,85191
364,-10,85491
365,-10,85791
366,-10,86091
367,100,86097
368,-10,86397
369,-10,86697
370,-10,86997
371,100,87028
372,-10,87328
373,-10,87628
374,100,87830
375,-10,88130
376,100,88131
377,-10,88431
378,100,88432
379,-10,88732
380,-10,89032
381,-10,89332
382,-10,89632
383,100,89661
384,-10,89961
385,-10,90261
386,-10,90561
387,-10,90861
388,-10,91161
389,-10,91461
390,100,91599
391,100,91607
392,100,91667
393,-10,91967
394,-10,92267
395,-10,92567
396,-10,92867
397,100,92901
398,-10,92983
399,-10,93283
400,100,93307
401,-10,93607
402,-10,93710
403,-10,94010
404,100,94011
405,-10,94094
406,-10,94121
407,-10,94148
408,100,94166
409,-10,94466
410,-10,94766
411,-10,95066
412,-10,95366
413,-10,95666
414,-10,95966
415,-10,96266
416,100,96267
417,100,96274
418,100,96290
419,-10,96590
420,-10,96890
421,-10,97190
422,-10,97490
423,100,97507
424,-10,97807
425,-10,98107
426,-10,98407
427,-10,98707
428,100,98717
429,-10,99017
430,-10,99317
431,-10,99617
432,-10,99917
433,-10,100217
434,-10,100517
435,-10,100817
436,-10,101117
437,-10,101417
438,-10,101717
439,-10,102017
440,-10,102317
441,-10,102617
442,-10,102917
443,-10,103217
444,-10,103517
445,100,103522
446,-10,103822
447,100,104060
448,100,104082
449,100,104083
450,-10,104383
451,-10,104683
452,-10,104983
453,-10,105283
454,-10,105583
455,-10,105883
456,-10,106183
457,100,106190
458,-10,106490
459,100,106504
460,100,106804
461,-10,107104
462,-10,107404
463,100,107405
464,-10,107705
465,-10,108005
466,-10,108305
467,-10,108605
468,-10,108905
469,-10,109170
470,-10,109470
471,-10,109770
472,-10,110070
473,-10,110370
474,-10,110670
475,-10,110970
476,-10,111270
477,-10,111316
478,-10,111357
479,-10,111387
480,100,111393
481,-10,111426
482,-10,111464
483,-10,111501
484,-10,111535
485,-10,111835
486,-10,112135
487,100,112168
488,-10,112195
489,-10,112441
490,-10,112741
491,-10,113041
492,-10,113341
493,-10,113641
494,-10,113941
495,100,114011
496,100,114012
497,-10,114312
498,100,114498
499,-10,114798
500,-10,115098
501,-10,115398
502,100,115531
503,-10,115831
504,100,115946
505,-10,116246
506,-10,116546
507,100,116639
508,-10,116852
509,-10,117152
510,-10,117452
511,-10,117752
512,-10,118052
513,-10,118352
514,-10,118652
515,-10,118952
516,-10,119252
517,-10,119552
518,-10,119852
519,-10,120152
520,100,120444
521,-10,120744
522,100,120954
523,-10,121254
524,-10,121554
525,-10,121854
526,100,121855
527,-10,122155
528,100,122156
529,-10,122456
530,-10,122756
531,-10,123056
532,-10,123356
533,100,123394
534,-10,123694
535,100,123695
536,-10,123995
537,-10,124295
538,-10,124595
539,100,124611
540,-10,124911
541,100,124958
542,100,124989
543,-10,125289
544,100,125311
545,-10,125611
546,-10,125911
547,-10,126211
548,-10,126511
549,100,126512
550,100,126547
551,-10,126847
552,-10,126885
553,100,126915
554,-10,126953
555,-10,126984
556,-10,127021
557,-10,127182
558,-10,127213
559,-10,127513
560,-10,127813
561,-10,128113
562,100,128213
563,-10,128252
564,-10,128286
565,-10,128319
566,-10,128360
567,-10,128402
568,-10,128441
569,-10,128479
570,100,128501
571,-10,128542
572,-10,128575
573,-10,128612
574,-10,128649
575,-10,128857
576,100,128874
577,100,128880
578,100,128913
579,-10,129213
580,-10,129513
581,100,129574
582,-10,129756
583,-10,130056
584,-10,130185
585,100,130265
586,-10,130418
587,-10,130455
588,-10,130492
589,100,130499
590,-10,130533
591,-10,130564
592,-10,130734
593,-10,130764
594,100,130765
595,-10,130871
596,-10,130908
597,-10,130941
598,100,131003
599,-10,131132
600,-10,131166
601,100,131167
602,100,131230
603,100,131362
604,-10,131662
605,-10,131962
606,-10,132262
607,-10,132562
608,-10,132862
609,100,133110
610,-10,133136
611,-10,133157
612,100,133164
613,-10,133188
614,-10,133209
615,-10,133229
616,-10,133260
617,-10,133560
618,-10,133626
619,-10,133655
620,-10,133955
621,100,134005
622,-10,134305
623,-10,134605
624,-10,134636
625,100,134637
626,-10,134668
627,-10,134701
628,-10,135001
629,100,135048
630,-10,135136
631,-10,135356
632,100,135402
633,-10,135702
634,-10,136002
635,100,136003
636,-10,136303
637,100,136333
638,-10,136633
639,-10,136933
640,-10,137174
641,-10,137474
642,100,137483
643,-10,137783
644,100,137812
645,-10,138112
646,-10,138412
647,100,138435
648,-10,138735
649,-10,138772
650,-10,138807
651,-10,138834
652,100,138839
653,100,138843
654,-10,138867
655,-10,138893
656,100,138910
657,-10,138936
658,-10,139236
659,-10,139321
660,100,139343
661,-10,139487
662,-10,139787
663,-10,139822
664,-10,139845
665,-10,139869
666,-10,139901
667,-10,139932
668,-10,139963
669,-10,140121
670,-10,140158
671,-10,140187
672,100,140200
673,-10,140235
674,100,140283
675,-10,140556
676,-10,140581
677,-10,140617
678,100,140668
679,-10,140702
680,-10,140739
681,-10,140852
682,-10,140884
683,-10,140918
684,-10,140954
685,-10,140989
686,-10,141024
687,-10,141117
688,100,141336
689,-10,141636
690,-10,141936
691,100,141956
692,-10,142256
693,-10,142556
694,-10,142856
695,-10,143156
696,-10,143456
697,-10,143756
698,-10,144056
699,-10,144356
700,-10,144656
701,100,144674
702,-10,144974
703,-10,145274
704,100,145535
705,-10,145567
706,100,145609
707,-10,145909
708,-10,146209
709,-10,146509
710,100,146510
711,100,146527
712,-10,146551
713,-10,146578
714,-10,146606
715,100,146619
716,-10,146657
717,-10,146696
718,-10,146733
719,-10,146769
720,-10,147007
721,100,147047
722,100,147061
723,-10,147361
724,100,147515
725,-10,147631
726,-10,147789
727,-10,147836
728,100,147894
729,100,148016
730,-10,148316
731,-10,148616
732,-10,148916
733,-10,149216
734,100,149351
735,-10,149394
736,100,149453
737,100,149475
738,-10,149775
739,100,149790
740,100,150010
741,-10,150045
742,-10,150081
743,100,150133
744,-10,150433
745,-10,150733
746,-10,151033
747,-10,151333
748,-10,151372
749,-10,151672
750,-10,151972
751,-10,152272
752,-10,152397
753,-10,152633
754,-10,152678
755,100,152682
756,-10,152720
757,-10,152770
758,100,152771
759,-10,152822
760,-10,153122
761,100,153136
762,100,153212
763,-10,153512
764,100,153562
765,100,153740
766,-10,153786
767,-10,153843
768,-10,153898
769,-10,153943
770,-10,154009
771,-10,154052
772,-10,154094
773,-10,154160
774,-10,154198
775,100,154213
776,-10,154253
777,-10,154298
778,-10,154346
779,-10,154485
780,-10,154521
781,-10,154558
782,-10,154592
783,-10,154625
784,-10,154659
785,100,154680
786,-10,154710
787,-10,154738
788,-10,154767
789,-10,154797
790,-10,154826
791,-10,154854
792,-10,154893
793,-10,154922
794,-10,154949
795,-10,154978
796,-10,155018
797,100,155165
798,100,155257
799,-10,155298
800,100,155401
801,-10,155446
802,-10,155476
803,-10,155504
804,-10,155533
805,100,155538
806,-10,155568
807,-10,155612
808,-10,155651
809,-10,155951
810,100,155975
811,-10,156016
812,-10,156047
813,100,156048
814,-10,156088
815,-10,156134
816,-10,156187
817,-10,156226
818,-10,156264
819,-10,156564
820,-10,156695
821,-10,156856
822,-10,156885
823,-10,156916
824,-10,156945
825,-10,156979
826,100,156990
827,100,156991
828,-10,157027
829,100,157046
830,-10,157099
831,-10,157212
832,-10,157242
833,100,157246
834,-10,157284
835,-10,157327
836,-10,157373
837,-10,157408
838,-10,157526
839,100,157642
840,-10,157695
841,-10,157753
842,-10,157811
843,100,157849
844,100,157870
845,-10,158051
846,-10,158351
847,-10,158651
848,-10,158951
849,100,158952
850,100,158953
851,100,158995
852,-10,159295
853,-10,159595
854,100,159621
855,100,159756
856,100,159785
857,100,159816
858,-10,160116
859,100,160174
860,-10,160474
861,-10,160774
862,-10,161074
863,100,161217
864,-10,161517
865,-10,161700
866,-10,161773
867,100,161827
868,-10,162127
869,-10,162427
870,-10,162727
871,-10,163027
872,-10,163327
873,-10,163627
874,-10,163927
875,-10,164227
876,-10,164527
877,-10,164827
878,-10,165127
879,-10,165427
880,100,165436
881,-10,165736
882,100,165776
883,100,165977
884,-10,166001
885,-10,166022
886,-10,166042
887,-10,166063
888,-10,166086
889,-10,166112
890,-10,166139
891,100,166162
892,-10,166192
893,-10,166218
894,-10,166245
895,-10,166278
896,100,166304
897,-10,166604
898,100,166607
899,-10,166639
900,-10,166673
901,-10,166707
902,-10,166739
903,-10,166763
904,-10,166798
905,-10,166837
906,-10,166873
907,-10,166899
908,-10,166934
909,-10,167100
910,100,167101
911,-10,167127
912,-10,167155
913,100,167177
914,-10,167477
915,100,167503
916,-10,167640
917,-10,167678
918,-10,167732
919,-10,167780
920,-10,167827
921,100,167828
922,-10,167875
923,-10,167913
924,-10,167967
925,-10,168116
926,-10,168142
927,100,168152
928,-10,168184
929,-10,168228
930,100,168240
931,-10,168270
932,-10,168299
933,-10,168329
934,-10,168363
935,-10,168397
936,-10,168697
937,-10,168723
938,-10,168750
939,-10,168779
940,100,168780
941,-10,168801
942,-10,168822
943,-10,168844
944,-10,168870
945,-10,168904
946,100,168913
947,100,168914
948,100,168915
949,-10,169113
950,-10,169162
951,-10,169214
952,-10,169255
953,-10,169297
954,-10,169341
955,100,169342
956,-10,169387
957,-10,169431
958,-10,169472
959,-10,169514
960,100,169529
961,100,169530
962,-10,169571
963,-10,169615
964,-10,169654
965,100,169667
966,-10,169711
967,-10,169754
968,-10,169794
969,-10,169846
970,-10,169887
971,-10,170187
972,100,170192
973,-10,170492
974,-10,170687
975,-10,170736
976,100,170742
977,-10,170801
978,-10,170993
979,-10,171032
980,-10,171075
981,-10,171105
982,100,171110
983,-10,171137
984,-10,171173
985,-10,171208
986,-10,171244
987,100,171258
988,-10,171307
989,-10,171340
990,-10,171376
991,-10,171432
992,-10,171467
993,-10,171566
994,-10,171596
995,-10,171626
996,-10,171678
997,100,171694
998,-10,171733
999,-10,171767
1000,-10,171799
1001,-10,171835
1002,-10,171864
1003,-10,171890
1004,100,171894
1005,-10,171923
1006,100,171943
1007,-10,171990
1008,-10,172026
1009,-10,172067
1010,-10,172335
1011,-10,172412
1012,-10,172465
1013,100,172506
1014,-10,172806
1015,-10,173106
1016,-10,173355
1017,-10,173394
1018,-10,173424
1019,-10,173454
1020,-10,173487
1021,-10,173529
1022,100,173538
1023,-10,173586
1024,-10,173628
1025,-10,173665
1026,-10,173705
1027,-10,173734
1028,-10,173764
1029,-10,173797
1030,100,173917
1031,100,173956
1032,100,174137
1033,100,174138
1034,-10,174294
1035,-10,174324
1036,-10,174346
1037,-10,174366
1038,-10,174386
1039,-10,174406
1040,100,174408
1041,-10,174428
1042,-10,174448
1043,-10,174469
1044,-10,174491
1045,-10,174515
1046,100,174518
1047,-10,174543
1048,-10,174568
1049,-10,174595
1050,-10,174621
1051,-10,174661
1052,100,174947
1053,100,174963
1054,100,174997
1055,100,175038
1056,-10,175338
1057,100,175377
1058,100,175384
1059,100,175385
1060,-10,175685
1061,-10,175846
1062,-10,175878
1063,-10,175906
1064,-10,175931
1065,-10,175956
1066,-10,175984
1067,-10,176021
1068,-10,176047
1069,-10,176074
1070,-10,176113
1071,-10,176293
1072,-10,176323
1073,-10,176353
1074,-10,176384
1075,-10,176406
1076,-10,176428
1077,-10,176452
1078,-10,176479
1079,-10,176501
1080,-10,176523
1081,-10,176546
1082,-10,176572
1083,-10,176607
1084,-10,176647
1085,100,176665
1086,-10,176707
1087,-10,176752
1088,-10,176783
1089,100,176793
1090,-10,176823
1091,-10,176851
1092,-10,176879
1093,-10,176918
1094,-10,176953
1095,100,176960
1096,-10,176995
1097,-10,177023
1098,-10,177049
1099,-10,177076
1100,-10,177107
1101,-10,177140
1102,-10,177176
1103,-10,177214
1104,-10,177262
1105,-10,177562
1106,-10,177862
1107,-10,178162
1108,-10,178462
1109,-10,178762
1110,-10,179062
1111,-10,179362
1112,-10,179662
1113,-10,179824
1114,100,179826
1115,-10,179857
1116,-10,179884
1117,-10,179925
1118,100,179971
1119,-10,180154
1120,-10,180188
1121,-10,180219
1122,-10,180249
1123,-10,180549
1124,-10,180849
1125,100,180850
1126,-10,181038
1127,-10,181079
1128,-10,181116
1129,-10,181158
1130,-10,181199
1131,-10,181244
1132,-10,181544
1133,-10,181844
1134,-10,182144
1135,-10,182444
1136,-10,182744
1137,-10,183044
1138,100,183064
1139,100,183065
1140,-10,183365
1141,-10,183665
1142,-10,183965
1143,100,183966
1144,100,183971
1145,-10,184271
1146,-10,184571
1147,100,184676
1148,-10,184976
1149,100,184977
1150,-10,185277
1151,100,185289
1152,-10,185487
1153,-10,185787
1154,100,185832
1155,-10,186132
1156,100,186149
1157,-10,186449
1158,100,186457
1159,-10,186757
1160,-10,187057
1161,-10,187357
1162,-10,187657
1163,100,187676
1164,-10,187976
1165,-10,188276
1166,100,188277
1167,100,188279
1168,100,188318
1169,-10,188618
1170,-10,188918
1171,-10,189218
1172,-10,189518
1173,-10,189818
1174,-10,190118
1175,-10,190418
1176,100,190419
1177,100,190436
1178,-10,190736
1179,-10,191036
1180,-10,191336
1181,-10,191636
1182,-10,191936
1183,-10,192236
1184,-10,192536
1185,-10,192836
1186,100,192882
1187,-10,193182
1188,-10,193482
1189,-10,193521
1190,-10,193561
1191,100,193578
1192,-10,193878
1193,-10,194178
1194,100,194228
1195,-10,194528
1196,100,194540
1197,100,194546
1198,-10,194846
1199,-10,195146
1200,-10,195446
1201,100,195475
1202,-10,195775
1203,-10,196075
1204,100,196298
1205,100,196299
1206,-10,196599
1207,-10,196899
1208,100,196910
1209,-10,197210
1210,-10,197510
1211,100,197675
1212,-10,197975
1213,-10,198275
1214,-10,198575
1215,100,198576
1216,100,198687
1217,-10,198987
1218,-10,199287
1219,-10,199587
1220,-10,199887
1221,-10,200187
1222,-10,200487
1223,-10,200787
1224,-10,201087
1225,-10,201387
1226,-10,201687
1227,100,201810
1228,-10,202110
1229,100,202182
1230,-10,202482
1231,-10,202782
1232,-10,202814
1233,-10,202843
1234,100,202889
1235,-10,203189
1236,100,203196
1237,-10,203496
1238,-10,203796
1239,-10,204096
1240,100,204137
1241,100,204171
1242,-10,204471
1243,-10,204771
1244,-10,205071
1245,-10,205371
1246,-10,205671
1247,-10,205971
1248,-10,206271
1249,100,206398
1250,100,206407
1251,100,206408
1252,100,206533
1253,100,206572
1254,-10,206872
1255,-10,207172
1256,-10,207472
1257,-10,207772
1258,-10,208072
1259,-10,208372
1260,100,208390
1261,-10,208690
1262,-10,208990
1263,-10,209290
1264,-10,209590
1265,100,209616
1266,100,209617
1267,100,209645
1268,-10,209945
1269,-10,210245
1270,-10,210545
1271,-10,210845
1272,-10,211145
1273,-10,211445
1274,-10,211713
1275,-10,212013
1276,-10,212313
1277,100,212348
1278,-10,212540
1279,-10,212573
1280,-10,212606
1281,-10,212635
1282,-10,212664
1283,-10,212694
1284,-10,212793
1285,100,212820
1286,-10,212852
1287,-10,212885
1288,-10,212917
1289,-10,212948
1290,-10,212983
1291,-10,213019
1292,-10,213055
1293,-10,213089
1294,100,213093
1295,100,213102
1296,-10,213136
1297,-10,213169
1298,-10,213205
1299,100,213213
1300,-10,213246
1301,-10,213279
1302,-10,213311
1303,100,213313
1304,-10,213338
1305,-10,213375
1306,-10,213406
1307,100,213407
1308,-10,213435
1309,-10,213461
1310,-10,213487
1311,-10,213510
1312,100,213511
1313,-10,213531
1314,-10,213552
1315,100,213562
1316,-10,213592
1317,-10,213620
1318,-10,213643
1319,-10,213667
1320,-10,213691
1321,100,213699
1322,100,213701
1323,-10,213734
1324,-10,213758
1325,-10,213785
1326,-10,213821
1327,-10,213849
1328,-10,213877
1329,-10,213908
1330,-10,213941
1331,100,213953
1332,-10,214253
1333,-10,214553
1334,100,214618
1335,100,214655
1336,-10,214955
1337,100,215180
1338,-10,215480
1339,100,215503
1340,-10,215803
1341,-10,216103
1342,-10,216403
1343,-10,216703
1344,-10,217003
1345,-10,217303
1346,-10,217603
1347,-10,217903
1348,100,217904
1349,-10,218204
1350,-10,218504
1351,-10,218804
1352,-10,219104
1353,-10,219404
1354,-10,219704
1355,-10,220004
1356,-10,220304
1357,-10,220604
1358,-10,220904
1359,100,220920
1360,-10,221220
1361,100,221257
1362,-10,221557
1363,-10,221857
1364,-10,222157
1365,-10,222457
1366,-10,222757
1367,-10,223057
1368,-10,223357
1369,100,223385
1370,100,223386
1371,100,223402
1372,-10,223702
1373,-10,224002
1374,-10,224302
1375,-10,224602
1376,-10,224902
1377,-10,225202
1378,-10,225502
1379,-10,225802
1380,100,226036
1381,-10,226073
1382,-10,226109
1383,-10,226150
1384,100,226165
1385,-10,226194
1386,100,226231
1387,-10,226276
1388,-10,226315
1389,100,226316
1390,-10,226351
1391,-10,226394
1392,-10,226448
1393,100,226463
1394,100,226516
1395,-10,226557
1396,100,226682
1397,-10,226717
1398,-10,226751
1399,-10,226787
1400,-10,226822
1401,-10,226853
1402,-10,226885
1403,-10,226920
1404,100,226933
1405,-10,226962
1406,-10,226990
1407,-10,227016
1408,100,227043
1409,-10,227070
1410,-10,227096
1411,-10,227125
1412,-10,227155
1413,-10,227196
1414,-10,227229
1415,-10,227263
1416,100,227268
1417,-10,227293
1418,-10,227331
1419,-10,227371
1420,-10,227409
1421,100,227425
1422,-10,227470
1423,-10,227508
1424,100,227524
1425,-10,227824
1426,-10,227882
1427,-10,227937
1428,100,227974
1429,100,228047
1430,-10,228099
1431,-10,228158
1432,-10,228212
1433,-10,228247
1434,-10,228282
1435,-10,228325
1436,-10,228370
1437,-10,228412
1438,-10,228445
1439,-10,228481
1440,-10,228518
1441,-10,228548
1442,-10,228577
1443,-10,228609
1444,-10,228642
1445,-10,228675
1446,-10,228719
1447,-10,228754
1448,-10,228782
1449,-10,228820
1450,100,228831
1451,-10,228868
1452,-10,228906
1453,-10,228938
1454,-10,228966
1455,-10,228996
1456,100,228997
1457,-10,229026
1458,100,229039
1459,-10,229064
1460,-10,229089
1461,-10,229115
1462,-10,229141
1463,-10,229166
1464,-10,229193
1465,-10,229221
1466,-10,229256
1467,-10,229287
1468,-10,229314
1469,-10,229343
1470,-10,229382
1471,-10,229427
1472,-10,229467
1473,-10,229503
1474,100,229522
1475,-10,229565
1476,-10,229598
1477,-10,229628
1478,-10,229659
1479,-10,229690
1480,-10,229719
1481,-10,229745
1482,-10,229771
1483,-10,229798
1484,-10,229832
1485,100,229856
1486,-10,229882
1487,-10,229908
1488,-10,229958
1489,-10,230002
1490,-10,230051
1491,-10,230178
1492,-10,230235
1493,-10,230281
1494,-10,230324
1495,-10,230367
1496,-10,230408
1497,-10,230463
1498,-10,230498
1499,-10,230533
1500,-10,230569
1501,-10,230621
1502,-10,230670
1503,-10,230718
1504,-10,230760
1505,-10,230811
1506,100,230820
1507,-10,230851
1508,-10,230881
1509,-10,230913
1510,-10,230942
1511,-10,230973
1512,-10,231010
1513,-10,231043
1514,-10,231075
1515,-10,231106
1516,-10,231134
1517,-10,231162
1518,-10,231192
1519,-10,231221
1520,100,231229
1521,-10,231261
1522,-10,231292
1523,-10,231321
1524,-10,231352
1525,-10,231379
1526,-10,231406
1527,-10,231432
1528,-10,231458
1529,-10,231484
1530,-10,231512
1531,-10,231546
1532,-10,231594
1533,-10,231633
1534,-10,231674
1535,-10,231709
1536,-10,231744
1537,-10,231782
1538,-10,231827
1539,-10,231873
1540,100,231896
1541,-10,231936
1542,100,231949
1543,-10,231982
1544,-10,232013
1545,100,232139
1546,-10,232169
1547,-10,232198
1548,-10,232230
1549,-10,232260
1550,-10,232290
1551,-10,232324
1552,-10,232355
1553,-10,232386
1554,-10,232415
1555,100,232424
1556,100,232425
1557,-10,232457
1558,-10,232490
1559,100,232511
1560,-10,232540
1561,-10,232563
1562,-10,232586
1563,-10,232612
1564,-10,232632
1565,-10,232652
1566,-10,232671
1567,-10,232690
1568,-10,232709
1569,-10,232730
1570,-10,232752
1571,-10,232774
1572,-10,232805
1573,-10,232830
1574,-10,232852
1575,100,232866
1576,-10,232885
1577,-10,232904
1578,-10,232923
1579,-10,232943
1580,-10,232963
1581,100,232971
1582,-10,232991
1583,-10,233010
1584,-10,233029
1585,-10,233049
1586,-10,233068
1587,-10,233088
1588,-10,233111
1589,-10,233142
1590,-10,233174
1591,-10,233199
1592,-10,233221
1593,-10,233243
1594,-10,233268
1595,-10,233291
1596,-10,233314
1597,-10,233336
1598,-10,233357
1599,-10,233378
1600,-10,233400
1601,-10,233421
1602,-10,233443
1603,-10,233467
1604,-10,233490
1605,-10,233515
1606,-10,233540
1607,-10,233564
1608,100,233568
1609,-10,233597
1610,-10,233630
1611,-10,233662
1612,-10,233701
1613,-10,233751
1614,-10,233800
1615,100,233808
1616,-10,233862
1617,-10,233905
1618,-10,233940
1619,-10,233975
1620,-10,234007
1621,-10,234038
1622,-10,234065
1623,100,234079
1624,-10,234110
1625,-10,234142
1626,-10,234172
1627,-10,234205
1628,-10,234242
1629,-10,234306
1630,-10,234350
1631,-10,234405
1632,-10,234499
1633,-10,234609
1634,-10,234681
1635,-10,234754
1636,-10,234822
1637,-10,234872
1638,-10,234919
1639,-10,234966
1640,-10,234998
1641,-10,235030
1642,-10,235061
1643,-10,235097
1644,-10,235135
1645,-10,235172
1646,-10,235210
1647,-10,235238
1648,-10,235277
1649,-10,235312
1650,-10,235348
1651,-10,235376
1652,100,235390
1653,-10,235419
1654,100,235428
1655,-10,235468
1656,-10,235499
1657,-10,235528
1658,-10,235556
1659,-10,235595
1660,-10,235630
1661,-10,235666
1662,-10,235704
1663,-10,235740
1664,-10,235774
1665,-10,235803
1666,-10,235839
1667,-10,235873
1668,-10,235900
1669,-10,235926
1670,-10,235954
1671,-10,235982
1672,-10,236009
1673,-10,236036
1674,-10,236063
1675,-10,236089
1676,-10,236116
1677,-10,236141
1678,-10,236165
1679,-10,236190
1680,100,236199
1681,-10,236226
1682,-10,236253
1683,-10,236281
1684,-10,236309
1685,-10,236333
1686,-10,236357
1687,100,236364
1688,-10,236392
1689,-10,236427
1690,100,236435
1691,-10,236466
1692,-10,236494
1693,-10,236518
1694,-10,236543
1695,-10,236570
1696,-10,236603
1697,-10,236628
1698,-10,236653
1699,-10,236676
1700,-10,236698
1701,-10,236719
1702,-10,236741
1703,-10,236765
1704,-10,236788
1705,-10,236811
1706,-10,236834
1707,-10,236858
1708,-10,236883
1709,-10,236907
1710,-10,236933
1711,-10,236960
1712,-10,236986
1713,-10,237013
1714,-10,237038
1715,-10,237064
1716,-10,237088
1717,-10,237112
1718,-10,237135
1719,-10,237162
1720,-10,237189
1721,-10,237213
1722,-10,237237
1723,-10,237262
1724,-10,237303
1725,-10,237339
1726,-10,237377
1727,-10,237412
1728,100,237425
1729,-10,237462
1730,-10,237497
1731,-10,237526
1732,-10,237554
1733,-10,237580
1734,-10,237605
1735,-10,237642
1736,-10,237668
1737,100,237676
1738,-10,237699
1739,-10,237722
1740,-10,237746
1741,-10,237770
1742,-10,237795
1743,-10,237819
1744,100,237829
1745,-10,237853
1746,-10,237878
1747,-10,237905
1748,-10,237932
1749,-10,237958
1750,-10,237983
1751,-10,238009
1752,-10,238037
1753,-10,238068
1754,-10,238102
1755,-10,238133
1756,-10,238165
1757,-10,238195
1758,-10,238227
1759,-10,238265
1760,-10,238309
1761,-10,238348
1762,-10,238385
1763,-10,238430
1764,-10,238472
1765,-10,238510
1766,-10,238550
1767,-10,238606
1768,-10,238646
1769,-10,238684
1770,100,238710
1771,-10,238740
1772,-10,238789
1773,-10,238831
1774,-10,238864
1775,-10,238892
1776,-10,238927
1777,-10,238963
1778,-10,238991
1779,-10,239023
1780,100,239036
1781,-10,239069
1782,-10,239100
1783,-10,239128
1784,-10,239160
1785,100,239179
1786,100,239180
1787,-10,239211
1788,-10,239371
1789,-10,239402
1790,-10,239436
1791,-10,239475
1792,100,239505
1793,-10,239535
1794,-10,239567
1795,-10,239598
1796,-10,239630
1797,-10,239663
1798,-10,239696
1799,-10,239733
1800,-10,239766
1801,-10,239796
1802,-10,239828
1803,100,239854
1804,100,239873
1805,-10,239905
1806,-10,239939
1807,100,239940
1808,100,239947
1809,-10,239989
1810,-10,240035
1811,100,240050
1812,-10,240083
1813,-10,240115
1814,-10,240148
1815,-10,240185
1816,-10,240232
1817,-10,240269
1818,-10,240305
1819,-10,240344
1820,-10,240389
1821,100,240401
1822,-10,240450
1823,100,240467
1824,-10,240618
1825,-10,240670
1826,-10,240720
1827,-10,240752
1828,-10,240784
1829,-10,240839
1830,-10,240889
1831,-10,240932
1832,100,240946
1833,-10,241001
1834,-10,241058
1835,-10,241118
1836,-10,241177
1837,-10,241266
1838,100,241267
1839,-10,241326
1840,-10,241374
1841,-10,241417
1842,-10,241462
1843,-10,241502
1844,-10,241540
1845,100,241541
1846,-10,241576
1847,-10,241610
1848,-10,241644
1849,100,241645
1850,-10,241681
1851,-10,241823
1852,100,241884
1853,-10,242099
1854,-10,242151
1855,-10,242199
1856,-10,242256
1857,-10,242300
1858,-10,242347
1859,100,242384
1860,-10,242453
1861,-10,242522
1862,100,242632
1863,-10,242684
1864,-10,242760
1865,-10,242842
1866,-10,242889
1867,-10,242961
1868,-10,243020
1869,-10,243320
1870,-10,243369
1871,100,243395
1872,-10,243437
1873,-10,243484
1874,100,243670
1875,-10,243715
1876,-10,243758
1877,-10,243807
1878,-10,243837
1879,100,243850
1880,-10,243910
1881,-10,243947
1882,100,243951
1883,-10,243983
1884,-10,244019
1885,-10,244062
1886,-10,244210
1887,-10,244289
1888,-10,244361
1889,-10,244428
1890,100,244440
1891,-10,244511
1892,100,244512
1893,-10,244555
1894,-10,244609
1895,100,244643
1896,-10,244687
1897,-10,244724
1898,-10,244759
1899,100,244760
1900,-10,244789
1901,100,244790
1902,-10,244820
1903,-10,244850
1904,-10,244884
1905,100,244887
1906,-10,244925
1907,100,244943
1908,-10,244974
1909,-10,245002
1910,100,245045
1911,100,245046
1912,-10,245108
1913,-10,245160
1914,-10,245214
1915,-10,245244
1916,-10,245280
1917,100,245300
1918,-10,245348
1919,-10,245383
1920,-10,245424
1921,-10,245487
1922,-10,245559
1923,-10,245621
1924,-10,245673
1925,-10,245708
1926,-10,245735
1927,-10,245770
1928,-10,245799
1929,-10,245828
1930,-10,245871
1931,-10,245899
1932,-10,245929
1933,-10,245976
1934,-10,246022
1935,100,246025
1936,-10,246078
1937,100,246079
1938,100,246099
1939,-10,246152
1940,-10,246183
1941,-10,246226
1942,100,246227
1943,-10,246283
1944,-10,246334
1945,-10,246365
1946,-10,246404
1947,-10,246464
1948,100,246491
1949,100,246525
1950,-10,246590
1951,-10,246643
1952,-10,246687
1953,-10,246729
1954,-10,246772
1955,100,246773
1956,-10,246817
1957,-10,246843
1958,-10,246871
1959,100,246884
1960,-10,246914
1961,100,246920
1962,-10,246958
1963,-10,246997
1964,-10,247025
1965,-10,247071
1966,100,247072
1967,100,247073
1968,-10,247120
1969,-10,247160
1970,-10,247195
1971,-10,247215
1972,-10,247235
1973,-10,247255
1974,100,247256
1975,-10,247280
1976,-10,247315
1977,-10,247351
1978,-10,247390
1979,-10,247428
1980,-10,247474
1981,-10,247518
1982,100,247520
1983,-10,247572
1984,-10,247627
1985,-10,247677
1986,-10,247714
1987,-10,247750
1988,-10,247785
1989,100,247807
1990,100,247825
1991,100,247892
1992,100,247893
1993,-10,247956
1994,-10,248023
1995,100,248040
1996,-10,248133
1997,-10,248234
1998,-10,248324
1999,100,248334
2000,-10,248393
2001,-10,248452
2002,-10,248511
2003,-10,248632
2004,100,248683
2005,-10,248983
2006,-10,249283
2007,-10,249583
2008,-10,249883
2009,-10,250183
2010,-10,250224
2011,-10,250263
2012,-10,250302
2013,-10,250345
2014,-10,250480
2015,-10,250758
2016,-10,251058
2017,100,251299
2018,100,251320
2019,-10,251620
2020,-10,251681
2021,100,251699
2022,-10,251999
2023,100,252009
2024,100,252019
2025,100,252153
2026,-10,252265
2027,100,252531
2028,-10,252831
2029,100,252842
2030,100,252922
2031,-10,253222
2032,100,253286
2033,100,253305
2034,-10,253605
2035,-10,253905
2036,-10,254205
2037,-10,254505
2038,-10,254805
2039,100,254880
2040,-10,254912
2041,100,254914
2042,100,254921
2043,-10,254954
2044,100,254958
2045,100,255011
2046,-10,255311
2047,-10,255611
2048,-10,255911
2049,-10,256211
2050,-10,256511
2051,-10,256811
2052,-10,257111
2053,100,257140
2054,100,257155
2055,-10,257455
2056,100,257701
2057,-10,258001
2058,-10,258301
2059,-10,258601
2060,-10,258901
2061,-10,259201
2062,-10,259501
2063,-10,259801
2064,-10,260101
2065,-10,260401
2066,100,260412
2067,-10,260712
2068,-10,261012
2069,-10,261312
2070,100,261313
2071,-10,261613
2072,-10,261913
2073,-10,262213
2074,-10,262513
2075,-10,262813
2076,-10,263113
2077,-10,263413
2078,100,263430
2079,-10,263562
2080,-10,263614
2081,-10,263658
2082,100,263679
2083,-10,263714
2084,-10,263748
2085,-10,263787
2086,-10,263828
2087,-10,263866
2088,-10,264166
2089,100,264175
2090,100,264320
2091,-10,264620
2092,100,264663
2093,-10,264963
2094,-10,265112
2095,100,265145
2096,-10,265445
2097,100,265652
2098,-10,265952
2099,100,265953
2100,100,265986
2101,-10,266286
2102,-10,266586
2103,100,266604
2104,-10,266904
2105,-10,267204
2106,-10,267504
2107,-10,267804
2108,100,267855
2109,100,267898
2110,-10,268198
2111,-10,268498
2112,-10,268798
2113,-10,269098
2114,-10,269398
2115,-10,269698
2116,-10,269998
2117,-10,270298
2118,-10,270598
2119,-10,270898
2120,-10,271198
2121,100,271253
2122,-10,271553
2123,100,271554
2124,100,271580
2125,-10,271880
2126,100,271921
2127,100,271977
2128,100,272027
2129,-10,272327
2130,-10,272627
2131,-10,272927
2132,100,273076
2133,-10,273376
2134,-10,273676
2135,100,273752
2136,-10,274052
2137,-10,274352
2138,-10,274652
2139,-10,274952
2140,100,274977
2141,100,274995
2142,-10,275027
2143,100,275261
2144,100,275368
2145,100,275522
2146,100,275593
2147,-10,275893
2148,100,275920
2149,100,276120
2150,100,276133
2151,100,276154
2152,100,276264
2153,-10,276564
2154,100,276580
2155,100,276672
2156,100,276950
2157,100,277235
2158,100,277289
2159,100,277552
2160,-10,277852
2161,-10,277963
2162,-10,278006
2163,-10,278082
2164,-10,278129
2165,-10,278162
2166,100,278225
2167,-10,278525
2168,100,278532
2169,100,278536
2170,100,278834
2171,100,278918
2172,-10,279051
2173,-10,279086
2174,-10,279340
2175,100,279445
2176,-10,279745
2177,-10,280045
2178,-10,280286
2179,-10,280335
2180,-10,280486
2181,-10,280651
2182,100,280733
2183,100,280737
2184,-10,280811
2185,-10,280888
2186,-10,281092
2187,100,281184
2188,100,281253
2189,100,281313
2190,-10,281613
2191,-10,281756
2192,-10,281794
2193,-10,281849
2194,-10,281880
2195,-10,281914
2196,100,282111
2197,-10,282152
2198,-10,282246
2199,100,282262
2200,-10,282295
2201,-10,282351
2202,100,282397
2203,-10,282444
2204,-10,282483
2205,100,282513
2206,-10,282813
2207,-10,282842
2208,100,282886
2209,-10,283186
2210,-10,283240
2211,100,283249
2212,-10,283549
2213,-10,283599
2214,100,283652
2215,-10,283870
2216,-10,283943
2217,-10,284156
2218,100,284191
2219,-10,284324
2220,100,284423
2221,-10,284723
2222,100,284842
2223,-10,284911
2224,-10,285005
2225,-10,285048
2226,-10,285348
2227,100,285349
2228,-10,285391
2229,-10,285489
2230,100,285607
2231,-10,285635
2232,-10,285662
2233,-10,285699
2234,-10,285732
2235,100,285767
2236,-10,285798
2237,-10,285834
2238,-10,286134
2239,-10,286238
2240,100,286239
2241,-10,286322
2242,-10,286360
2243,-10,286389
2244,100,286455
2245,-10,286755
2246,-10,287055
2247,-10,287355
2248,100,287482
2249,-10,287782
2250,-10,288011
2251,-10,288038
2252,-10,288338
2253,100,288342
2254,100,288395
2255,100,288396
2256,100,288486
2257,100,288717
2258,100,288844
2259,100,288995
2260,-10,289056
2261,-10,289097
2262,-10,289150
2263,100,289154
2264,-10,289187
2265,-10,289317
2266,100,289528
2267,-10,289828
2268,-10,289865
2269,100,289963
2270,100,290018
2271,-10,290155
2272,-10,290184
2273,-10,290213
2274,-10,290241
2275,100,290281
2276,100,290362
2277,-10,290662
2278,100,290764
2279,-10,291064
2280,-10,291364
2281,-10,291501
2282,-10,291525
2283,-10,291549
2284,-10,291577
2285,-10,291606
2286,-10,291632
2287,-10,291660
2288,-10,291703
2289,-10,291727
2290,-10,291873
2291,-10,292173
2292,-10,292225
2293,100,292263
2294,100,292318
2295,-10,292618
2296,100,292647
2297,100,292648
2298,100,292746
2299,100,292911
2300,-10,293211
2301,-10,293511
2302,100,293579
2303,100,293613
2304,100,293846
2305,-10,293891
2306,-10,294047
2307,-10,294097
2308,100,294336
2309,100,294419
2310,100,294561
2311,100,294631
2312,100,294640
2313,-10,294940
2314,100,294963
2315,-10,295263
2316,100,295311
2317,100,295370
2318,100,295408
2319,100,295598
2320,100,295603
2321,-10,295690
2322,-10,295718
2323,-10,295754
2324,-10,295974
2325,-10,296001
2326,100,296010
2327,-10,296038
2328,-10,296083
2329,-10,296108
2330,100,296207
2331,-10,296257
2332,-10,296360
2333,100,296482
2334,100,296655
2335,100,296656
2336,100,296745
2337,100,296760
2338,-10,297060
2339,100,297198
2340,-10,297414
2341,100,297420
2342,100,297500
2343,-10,297800
2344,100,297983
2345,-10,298020
2346,-10,298043
2347,-10,298069
2348,-10,298108
2349,-10,298151
2350,-10,298194
2351,-10,298230
2352,-10,298530
2353,100,298779
2354,100,299053
2355,-10,299353
2356,-10,299653
2357,100,299707
2358,-10,299811
2359,-10,299847
2360,100,299905
2361,-10,300002
2362,100,300184
2363,100,300208
2364,-10,300508
2365,-10,300808
2366,100,301005
2367,-10,301086
2368,-10,301122
2369,-10,301156
2370,-10,301186
2371,-10,301223
2372,-10,301251
2373,-10,301283
2374,-10,301310
2375,-10,301333
2376,100,301395
2377,100,301561
2378,100,301648
2379,-10,301948
2380,100,302019
2381,100,302032
2382,100,302066
2383,-10,302366
2384,100,302494
2385,100,302541
2386,100,302636
2387,100,302675
2388,-10,302720
2389,-10,302756
2390,-10,302789
2391,-10,302868
2392,-10,302950
2393,-10,302980
2394,-10,303005
2395,-10,303029
2396,-10,303053
2397,-10,303353
2398,-10,303447
2399,-10,303747
2400,-10,303805
2401,-10,304105
2402,-10,304405
2403,100,304427
2404,100,304492
2405,100,304526
2406,100,304660
2407,-10,304691
2408,-10,304726
2409,-10,304757
2410,100,304841
2411,-10,305141
2412,100,305205
2413,100,305211
2414,100,305212
2415,100,305413
2416,-10,305713
2417,-10,305997
2418,-10,306038
2419,-10,306077
2420,100,306164
2421,100,306350
2422,-10,306409
2423,-10,306527
2424,-10,306573
2425,-10,306776
2426,-10,306848
2427,100,306859
2428,-10,306913
2429,-10,307213
2430,-10,307254
2431,-10,307294
2432,-10,307341
2433,-10,307591
2434,100,307593
2435,100,307605
2436,-10,307736
2437,-10,307771
2438,-10,307805
2439,-10,307842
2440,-10,307883
2441,100,307958
2442,-10,307982
2443,-10,308195
2444,-10,308388
2445,-10,308424
2446,-10,308506
2447,100,308557
2448,-10,308857
2449,-10,308996
2450,-10,309039
2451,-10,309339
2452,100,309533
2453,-10,309567
2454,100,309629
2455,-10,309819
2456,-10,309867
2457,100,309931
2458,-10,310231
2459,-10,310391
2460,-10,310630
2461,-10,310675
2462,-10,310731
2463,100,310794
2464,-10,310968
2465,-10,311034
2466,-10,311085
2467,-10,311127
2468,100,311156
2469,-10,311456
2470,100,311457
2471,-10,311508
2472,-10,311563
2473,-10,311618
2474,-10,311735
2475,-10,312035
2476,100,312066
2477,-10,312366
2478,-10,312666
2479,-10,312966
2480,-10,313266
2481,-10,313324
2482,-10,313449
2483,-10,313749
2484,100,313750
2485,-10,313937
2486,-10,313978
2487,100,314093
2488,100,314094
2489,-10,314287
2490,100,314305
2491,100,314306
2492,-10,314352
2493,-10,314478
2494,-10,314532
2495,-10,314813
2496,-10,314843
2497,-10,314873
2498,-10,314906
2499,100,314931
2500,-10,314969
2501,-10,315016
2502,100,315043
2503,-10,315206
2504,-10,315245
2505,-10,315278
2506,-10,315330
2507,-10,315369
2508,-10,315411
2509,-10,315549
2510,-10,315582
2511,-10,315616
2512,-10,315658
2513,-10,315727
2514,100,315741
2515,-10,316041
2516,-10,316200
2517,-10,316246
2518,-10,316423
2519,100,316536
2520,-10,316622
2521,100,316644
2522,-10,316944
2523,-10,317081
2524,100,317106
2525,100,317124
2526,-10,317194
2527,-10,317245
2528,-10,317353
2529,-10,317509
2530,-10,317545
2531,-10,317578
2532,-10,317607
2533,-10,317635
2534,-10,317665
2535,-10,317695
2536,100,317696
2537,-10,317748
2538,-10,317776
2539,-10,317872
2540,-10,317943
2541,100,317963
2542,100,318057
2543,-10,318102
2544,-10,318131
2545,-10,318157
2546,-10,318182
2547,-10,318209
2548,-10,318236
2549,100,318243
2550,100,318250
2551,-10,318278
2552,-10,318307
2553,-10,318336
2554,-10,318366
2555,-10,318417
2556,-10,318717
2557,-10,318823
2558,-10,318868
2559,-10,318936
2560,-10,318991
2561,-10,319038
2562,100,319040
2563,-10,319073
2564,-10,319109
2565,-10,319134
2566,-10,319159
2567,-10,319186
2568,-10,319213
2569,-10,319239
2570,-10,319267
2571,-10,319312
2572,100,319315
2573,-10,319347
2574,-10,319395
2575,-10,319428
2576,100,319433
2577,100,319466
2578,-10,319601
2579,-10,319676
2580,100,319677
2581,-10,319745
2582,-10,319902
2583,-10,319939
2584,-10,319972
2585,-10,320017
2586,-10,320061
2587,-10,320102
2588,-10,320148
2589,-10,320183
2590,-10,320225
2591,-10,320267
2592,-10,320311
2593,100,320326
2594,-10,320368
2595,100,320369
2596,-10,320399
2597,-10,320427
2598,-10,320454
2599,-10,320481
2600,100,320491
2601,100,320501
2602,-10,320527
2603,-10,320554
2604,100,320555
2605,100,320556
2606,-10,320588
2607,-10,320610
2608,-10,320631
2609,-10,320652
2610,-10,320673
2611,-10,320694
2612,-10,320715
2613,-10,320735
2614,-10,320756
2615,-10,320778
2616,-10,320800
2617,-10,320823
2618,-10,320846
2619,-10,320870
2620,100,320886
2621,100,320906
2622,-10,320938
2623,-10,320968
2624,-10,320997
2625,-10,321047
2626,-10,321342
2627,-10,321389
2628,-10,321435
2629,-10,321467
2630,-10,321503
2631,-10,321557
2632,-10,321615
2633,-10,321648
2634,-10,321797
2635,-10,321846
2636,100,321871
2637,-10,321898
2638,-10,321929
2639,100,321930
2640,100,321959
2641,100,321964
2642,-10,322008
2643,100,322011
2644,-10,322272
2645,100,322273
2646,-10,322316
2647,100,322320
2648,100,322346
2649,100,322347
2650,100,322416
2651,-10,322523
2652,-10,322566
2653,-10,322701
2654,100,322881
2655,-10,322916
2656,100,322927
2657,100,323009
2658,-10,323071
2659,-10,323105
2660,-10,323291
2661,100,323304
2662,-10,323337
2663,100,323347
2664,100,323348
2665,100,323356
2666,-10,323392
2667,-10,323433
2668,-10,323483
2669,-10,323549
2670,-10,323806
2671,-10,323860
2672,-10,323993
2673,-10,324049
2674,-10,324094
2675,100,324118
2676,-10,324162
2677,-10,324199
2678,-10,324247
2679,-10,324304
2680,-10,324354
2681,-10,324418
2682,-10,324489
2683,-10,324539
2684,-10,324594
2685,-10,324628
2686,-10,324668
2687,-10,324723
2688,-10,324780
2689,-10,324835
2690,-10,324888
2691,-10,324951
2692,-10,325010
2693,-10,325067
2694,-10,325120
2695,-10,325161
2696,-10,325201
2697,-10,325240
2698,100,325261
2699,-10,325296
2700,-10,325336
2701,-10,325400
2702,-10,325545
2703,-10,325615
2704,-10,325695
2705,-10,325835
2706,-10,325898
2707,-10,325975
2708,100,326002
2709,-10,326183
2710,-10,326297
2711,-10,326411
2712,-10,326458
2713,-10,326499
2714,-10,326539
2715,-10,326578
2716,-10,326620
2717,-10,326658
2718,-10,326693
2719,-10,326739
2720,100,326765
2721,-10,326809
2722,-10,326851
2723,-10,326897
2724,-10,326944
2725,-10,326987
2726,100,327008
2727,-10,327053
2728,-10,327084
2729,-10,327118
2730,100,327134
2731,-10,327169
2732,100,327195
2733,100,327196
2734,-10,327233
2735,-10,327260
2736,-10,327287
2737,-10,327314
2738,-10,327341
2739,-10,327379
2740,-10,327407
2741,-10,327432
2742,-10,327461
2743,-10,327493
2744,-10,327525
2745,100,327544
2746,-10,327582
2747,100,327583
2748,-10,327653
2749,100,327666
2750,-10,327891
2751,100,327904
2752,-10,327937
2753,-10,327972
2754,-10,328006
2755,-10,328039
2756,-10,328072
2757,-10,328105
2758,-10,328136
2759,-10,328166
2760,-10,328204
2761,-10,328245
2762,-10,328275
2763,-10,328315
2764,100,328341
2765,-10,328382
2766,100,328383
2767,-10,328427
2768,-10,328467
2769,100,328480
2770,-10,328520
2771,-10,328562
2772,-10,328669
2773,-10,328770
2774,-10,328817
2775,-10,329039
2776,-10,329093
2777,-10,329369
2778,100,329373
2779,-10,329410
2780,-10,329446
2781,-10,329479
2782,-10,329506
2783,-10,329535
2784,-10,329564
2785,-10,329595
2786,-10,329624
2787,100,329636
2788,-10,329667
2789,-10,329703
2790,100,329724
2791,-10,329755
2792,-10,329786
2793,-10,329819
2794,-10,329850
2795,-10,329881
2796,100,329882
2797,-10,329916
2798,-10,329948
2799,-10,329980
2800,-10,330013
2801,-10,330051
2802,-10,330084
2803,100,330100
2804,-10,330139
2805,-10,330178
2806,100,330181
2807,-10,330222
2808,100,330256
2809,100,330322
2810,-10,330369
2811,100,330384
2812,-10,330436
2813,-10,330631
2814,-10,330693
2815,-10,330751
2816,-10,330811
2817,-10,330864
2818,-10,330910
2819,-10,330966
2820,-10,331017
2821,100,331052
2822,100,331070
2823,-10,331224
2824,-10,331292
2825,-10,331370
2826,100,331410
2827,100,331427
2828,-10,331574
2829,-10,331636
2830,-10,331704
2831,-10,331772
2832,100,331793
2833,-10,331847
2834,100,331866
2835,-10,331917
2836,-10,331959
2837,-10,332011
2838,-10,332052
2839,-10,332095
2840,-10,332140
2841,-10,332188
2842,-10,332233
2843,-10,332271
2844,-10,332311
2845,-10,332350
2846,-10,332388
2847,-10,332427
2848,-10,332477
2849,-10,332506
2850,100,332519
2851,100,332541
2852,-10,332569
2853,-10,332596
2854,-10,332624
2855,-10,332658
2856,-10,332697
2857,-10,332740
2858,-10,332776
2859,-10,332811
2860,-10,332845
2861,-10,332876
2862,100,332890
2863,-10,332924
2864,-10,332976
2865,100,333007
2866,-10,333047
2867,-10,333086
2868,-10,333128
2869,-10,333173
2870,-10,333214
2871,-10,333251
2872,-10,333287
2873,-10,333320
2874,-10,333351
2875,-10,333383
2876,-10,333415
2877,-10,333447
2878,100,333466
2879,-10,333494
2880,-10,333521
2881,-10,333550
2882,100,333569
2883,-10,333596
2884,-10,333639
2885,-10,333683
2886,-10,333728
2887,-10,333776
2888,100,333807
2889,-10,334003
2890,-10,334063
2891,100,334108
2892,-10,334160
2893,-10,334205
2894,-10,334250
2895,-10,334365
2896,100,334366
2897,-10,334411
2898,100,334417
2899,-10,334459
2900,-10,334495
2901,-10,334525
2902,-10,334555
2903,-10,334587
2904,-10,334617
2905,-10,334648
2906,-10,334676
2907,-10,334704
2908,-10,334732
2909,-10,334760
2910,-10,334798
2911,-10,334833
2912,-10,334866
2913,-10,334893
2914,-10,334919
2915,100,334924
2916,-10,334950
2917,-10,334976
2918,-10,335000
2919,-10,335025
2920,-10,335054
2921,-10,335084
2922,-10,335135
2923,100,335172
2924,-10,335215
2925,-10,335264
2926,100,335281
2927,-10,335328
2928,-10,335519
2929,-10,335819
2930,-10,336119
2931,-10,336419
2932,100,336557
2933,-10,336596
2934,-10,336644
2935,-10,336682
2936,-10,336718
2937,100,336719
2938,-10,336751
2939,-10,336783
2940,-10,336814
2941,-10,336846
2942,-10,336882
2943,-10,336924
2944,-10,336959
2945,-10,336992
2946,-10,337026
2947,-10,337064
2948,-10,337101
2949,-10,337133
2950,100,337148
2951,-10,337182
2952,100,337188
2953,-10,337226
2954,-10,337265
2955,100,337266
2956,-10,337306
2957,-10,337346
2958,-10,337399
2959,-10,337437
2960,-10,337472
2961,-10,337508
2962,-10,337545
2963,-10,337579
2964,-10,337612
2965,100,337621
2966,-10,337654
2967,-10,337690
2968,100,337711
2969,-10,337741
2970,-10,337769
2971,-10,337801
2972,-10,337837
2973,-10,337878
2974,100,337904
2975,-10,338085
2976,100,338086
2977,-10,338127
2978,-10,338156
2979,-10,338185
2980,-10,338212
2981,-10,338239
2982,100,338240
2983,-10,338271
2984,-10,338305
2985,100,338317
2986,-10,338356
2987,100,338357
2988,-10,338388
2989,-10,338422
2990,-10,338461
2991,-10,338513
2992,-10,338570
2993,100,338573
2994,100,338603
2995,100,338604
2996,100,338763
2997,-10,338796
2998,-10,338827
2999,-10,338855
3000,-10,338884
3001,-10,338913
3002,-10,338940
3003,-10,338965
3004,-10,338990
3005,100,338998
3006,-10,339036
3007,-10,339072
3008,-10,339110
3009,-10,339148
3010,100,339179
3011,-10,339212
3012,-10,339247
3013,-10,339276
3014,-10,339312
3015,-10,339339
3016,-10,339364
3017,100,339365
3018,-10,339392
3019,-10,339420
3020,-10,339447
3021,100,339464
3022,-10,339501
3023,-10,339536
3024,-10,339825
3025,-10,340100
3026,-10,340146
3027,-10,340446
3028,-10,340746
3029,-10,340779
3030,-10,340807
3031,-10,340848
3032,-10,340877
3033,-10,340915
3034,100,340926
3035,-10,340961
3036,-10,340990
3037,-10,341020
3038,-10,341049
3039,-10,341077
3040,-10,341105
3041,-10,341134
3042,-10,341161
3043,-10,341189
3044,-10,341228
3045,-10,341270
3046,-10,341313
3047,-10,341344
3048,-10,341385
3049,-10,341427
3050,-10,341460
3051,-10,341505
3052,100,341516
3053,100,341518
3054,100,341549
3055,-10,341589
3056,-10,341629
3057,-10,341676
3058,-10,341750
3059,-10,341818
3060,100,341827
3061,-10,341876
3062,-10,341911
3063,-10,341941
3064,100,341962
3065,-10,341992
3066,-10,342036
3067,-10,342066
3068,-10,342096
3069,-10,342127
3070,-10,342159
3071,-10,342194
3072,-10,342232
3073,-10,342268
3074,-10,342308
3075,100,342344
3076,-10,342397
3077,-10,342439
3078,-10,342477
3079,100,342499
3080,-10,342548
3081,-10,342586
3082,100,342594
3083,-10,342631
3084,100,342632
3085,-10,342670
3086,-10,342705
3087,-10,342736
3088,-10,342767
3089,-10,342799
3090,-10,342837
3091,-10,342883
3092,-10,342922
3093,-10,342971
3094,-10,343011
3095,-10,343063
3096,100,343068
3097,-10,343123
3098,-10,343194
3099,-10,343239
3100,-10,343283
3101,-10,343327
3102,-10,343371
3103,-10,343419
3104,100,343438
3105,100,343445
3106,-10,343488
3107,-10,343532
3108,-10,343572
3109,100,343664
3110,-10,343702
3111,-10,343741
3112,-10,343780
3113,100,343862
3114,100,344026
3115,-10,344326
3116,100,344513
3117,-10,344549
3118,100,344564
3119,-10,344597
3120,-10,344621
3121,-10,344644
3122,100,344649
3123,-10,344675
3124,-10,344701
3125,-10,344727
3126,-10,344755
3127,-10,344789
3128,-10,344822
3129,-10,344855
3130,-10,344886
3131,-10,344920
3132,-10,344954
3133,-10,344988
3134,100,344998
3135,-10,345030
3136,100,345031
3137,-10,345064
3138,-10,345104
3139,-10,345148
3140,-10,345448
3141,-10,345496
3142,-10,345550
3143,-10,345598
3144,-10,345643
3145,-10,345706
3146,-10,345752
3147,-10,345798
3148,100,345799
3149,-10,345979
3150,100,345983
3151,-10,346162
3152,-10,346214
3153,100,346233
3154,-10,346295
3155,100,346310
3156,-10,346364
3157,-10,346400
3158,100,346401
3159,100,346404
3160,-10,346442
3161,-10,346481
3162,-10,346515
3163,-10,346547
3164,-10,346580
3165,-10,346616
3166,-10,346658
3167,100,346663
3168,-10,346724
3169,-10,346787
3170,100,346788
3171,-10,346851
3172,-10,346913
3173,-10,346973
3174,100,346996
3175,-10,347059
3176,100,347080
3177,-10,347111
3178,-10,347142
3179,-10,347174
3180,-10,347209
3181,-10,347244
3182,-10,347278
3183,-10,347312
3184,-10,347349
3185,-10,347385
3186,-10,347419
3187,-10,347452
3188,-10,347483
3189,-10,347514
3190,-10,347551
3191,-10,347586
3192,-10,347630
3193,-10,347670
3194,-10,347701
3195,100,347702
3196,-10,347732
3197,-10,347762
3198,-10,347789
3199,-10,347814
3200,-10,347845
3201,-10,347878
3202,-10,347910
3203,-10,347954
3204,-10,347991
3205,100,348006
3206,-10,348038
3207,-10,348258
3208,-10,348288
3209,-10,348330
3210,-10,348366
3211,-10,348406
3212,-10,348443
3213,-10,348476
3214,-10,348517
3215,-10,348557
3216,-10,348595
3217,-10,348630
3218,-10,348662
3219,-10,348699
3220,-10,348736
3221,-10,348767
3222,-10,348796
3223,100,348801
3224,-10,348829
3225,-10,348855
3226,-10,348879
3227,-10,348901
3228,-10,348922
3229,-10,348944
3230,-10,348966
3231,-10,348988
3232,-10,349010
3233,-10,349032
3234,-10,349055
3235,-10,349080
3236,-10,349107
3237,-10,349149
3238,-10,349184
3239,-10,349222
3240,-10,349251
3241,-10,349288
3242,-10,349322
3243,-10,349357
3244,-10,349391
3245,100,349410
3246,-10,349438
3247,-10,349472
3248,-10,349506
3249,-10,349538
3250,-10,349569
3251,-10,349603
3252,-10,349628
3253,-10,349651
3254,-10,349674
3255,-10,349697
3256,-10,349720
3257,-10,349743
3258,-10,349767
3259,100,349773
3260,-10,349800
3261,-10,349827
3262,-10,349855
3263,-10,349885
3264,-10,349916
3265,-10,349946
3266,-10,349981
3267,-10,350012
3268,-10,350048
3269,-10,350106
3270,100,350207
3271,-10,350276
3272,-10,350343
3273,-10,350409
3274,-10,350468
3275,-10,350520
3276,-10,350560
3277,-10,350602
3278,-10,350639
3279,-10,350680
3280,100,350706
3281,-10,350745
3282,-10,350779
3283,-10,350820
3284,-10,351120
3285,-10,351420
3286,-10,351720
3287,-10,352020
3288,100,352062
3289,-10,352362
3290,-10,352662
3291,-10,352962
3292,-10,353262
3293,-10,353562
3294,-10,353671
3295,-10,353713
3296,-10,353755
3297,-10,353799
3298,-10,353841
3299,100,353842
3300,-10,353885
3301,-10,353919
3302,-10,353950
3303,-10,354000
3304,-10,354042
3305,100,354045
3306,-10,354338
3307,100,354340
3308,-10,354542
3309,-10,354585
3310,-10,354626
3311,100,354634
3312,-10,354676
3313,100,354702
3314,-10,354748
3315,100,354753
3316,-10,354802
3317,-10,354842
3318,-10,354880
3319,-10,354917
3320,-10,354952
3321,-10,354987
3322,-10,355287
3323,100,355336
3324,-10,355636
3325,100,355673
3326,-10,355973
3327,-10,356273
3328,-10,356573
3329,-10,356873
3330,-10,357173
3331,-10,357473
3332,-10,357773
3333,-10,358073
3334,-10,358373
3335,-10,358673
3336,-10,358973
3337,100,358974
3338,-10,359274
3339,-10,359574
3340,100,359575
3341,-10,359875
3342,100,359890
3343,-10,360190
3344,-10,360490
3345,100,360503
3346,-10,360803
3347,100,360823
3348,-10,361123
3349,-10,361423
3350,-10,361723
3351,-10,362023
3352,-10,362323
3353,-10,362623
3354,100,362639
3355,-10,362939
3356,-10,363239
3357,-10,363539
3358,-10,363839
3359,-10,364139
3360,-10,364439
3361,-10,364739
3362,100,364748
3363,-10,365048
3364,-10,365348
3365,-10,365648
3366,-10,365948
3367,-10,366248
3368,-10,366548
3369,100,366723
3370,-10,367023
3371,100,367024
3372,-10,367324
3373,-10,367624
3374,100,367630
3375,100,367702
3376,-10,368002
3377,-10,368302
3378,-10,368602
3379,100,368867
3380,100,368925
3381,100,369084
3382,100,369187
3383,100,369216
3384,100,369447
3385,-10,369747
3386,-10,370047
3387,100,370065
3388,-10,370365
3389,-10,370665
3390,-10,370965
3391,-10,371265
3392,-10,371565
3393,100,371577
3394,100,371578
3395,-10,371878
3396,-10,372178
3397,-10,372478
3398,100,372479
3399,-10,372779
3400,-10,373079
3401,100,373080
3402,-10,373380
3403,-10,373680
3404,-10,373980
3405,-10,374280
3406,-10,374580
3407,100,374768
3408,-10,374807
3409,-10,375107
3410,100,375137
3411,100,375154
3412,100,375172
3413,100,375194
3414,-10,375230
3415,100,375241
3416,-10,375279
3417,-10,375579
3418,100,375613
3419,-10,375913
3420,-10,376213
3421,-10,376513
3422,-10,376813
3423,-10,377113
3424,-10,377413
3425,-10,377713
3426,-10,378013
3427,-10,378313
3428,-10,378613
3429,-10,378913
3430,100,378972
3431,100,378988
3432,-10,379288
3433,100,379543
3434,-10,379843
3435,100,379861
3436,-10,380161
3437,-10,380461
3438,100,380517
3439,-10,380817
3440,-10,381117
3441,100,381132
3442,-10,381432
3443,-10,381732
3444,-10,382032
3445,100,382073
3446,100,382273
3447,100,382490
3448,-10,382790
3449,100,382802
3450,100,382822
3451,100,382832
3452,-10,382920
3453,-10,383154
3454,-10,383246
3455,-10,383518
3456,-10,383594
3457,100,383682
3458,-10,383982
3459,-10,384282
3460,-10,384582
3461,-10,384882
3462,-10,385182
3463,-10,385482
3464,100,385490
3465,-10,385790
3466,100,385816
3467,-10,386116
3468,-10,386281
3469,-10,386581
3470,-10,386881
3471,100,386887
3472,-10,387187
3473,-10,387487
3474,-10,387787
3475,-10,388087
3476,-10,388387
3477,-10,388687
3478,-10,388987
3479,-10,389287
3480,-10,389587
3481,100,389588
3482,-10,389888
3483,-10,390188
3484,-10,390488
3485,100,390501
3486,-10,390801
3487,-10,391101
3488,-10,391401
3489,-10,391701
3490,-10,392001
3491,-10,392301
3492,-10,392601
3493,-10,392901
3494,-10,393201
3495,100,393202
3496,-10,393502
3497,-10,393802
3498,100,393814
3499,-10,394114
3500,100,394146
3501,-10,394446
3502,-10,394746
3503,-10,394842
3504,-10,394871
3505,100,394872
3506,-10,394899
3507,100,394900
3508,-10,395200
3509,100,395201
3510,100,395234
3511,100,395264
3512,-10,395564
3513,-10,395864
3514,-10,396164
3515,-10,396464
3516,100,396659
3517,100,396681
3518,100,396711
3519,-10,397011
3520,-10,397311
3521,-10,397611
3522,-10,397911
3523,100,397998
3524,-10,398298
3525,-10,398598
3526,-10,398898
3527,-10,399198
3528,-10,399498
3529,-10,399798
3530,100,399830
3531,-10,400130
3532,-10,400430
3533,100,400488
3534,-10,400788
3535,100,400789
3536,100,400906
3537,-10,401206
3538,-10,401506
3539,-10,401806
3540,-10,402106
3541,-10,402406
3542,-10,402706
3543,-10,403006
3544,-10,403306
3545,-10,403606
3546,-10,403906
3547,100,403911
3548,-10,404211
3549,-10,404511
3550,-10,404811
3551,-10,405111
3552,-10,405411
3553,100,405475
3554,-10,405775
3555,100,405955
3556,-10,406255
3557,-10,406555
3558,100,406611
3559,-10,406911
3560,-10,407211
3561,-10,407511
3562,-10,407811
3563,-10,408111
3564,-10,408411
3565,-10,408711
3566,-10,409011
3567,-10,409311
3568,-10,409611
3569,-10,409911
3570,-10,410211
3571,-10,410511
3572,100,410603
3573,-10,410903
3574,-10,411203
3575,100,411204
3576,-10,411504
3577,-10,411804
3578,-10,412104
3579,100,412333
3580,-10,412633
3581,-10,412933
3582,-10,413233
3583,-10,413533
3584,-10,413833
3585,100,413834
3586,-10,414134
3587,-10,414434
3588,-10,414734
3589,-10,415034
3590,-10,415257
3591,-10,415313
3592,-10,415363
3593,100,415368
3594,-10,415449
3595,100,415458
3596,-10,415528
3597,-10,415602
3598,-10,415666
3599,-10,415721
3600,-10,415786
3601,-10,415836
3602,-10,415882
3603,-10,415922
3604,-10,415970
3605,-10,416003
3606,-10,416056
3607,-10,416100
3608,-10,416134
3609,100,416141
3610,-10,416175
3611,-10,416206
3612,-10,416241
3613,-10,416287
3614,-10,416326
3615,-10,416371
3616,-10,416410
3617,-10,416453
3618,-10,416501
3619,-10,416539
3620,-10,416597
3621,-10,416642
3622,-10,416686
3623,-10,416729
3624,-10,416769
3625,-10,416814
3626,-10,416860
3627,-10,416906
3628,-10,416948
3629,-10,416986
3630,-10,417024
3631,100,417025
3632,-10,417063
3633,-10,417100
3634,-10,417132
3635,-10,417170
3636,-10,417200
3637,-10,417232
3638,-10,417269
3639,-10,417311
3640,100,417318
3641,-10,417354
3642,-10,417392
3643,-10,417429
3644,-10,417465
3645,-10,417504
3646,-10,417539
3647,-10,417576
3648,-10,417614
3649,-10,417655
3650,100,417656
3651,-10,417693
3652,-10,417722
3653,-10,417749
3654,-10,417792
3655,-10,417821
3656,-10,417850
3657,-10,417878
3658,-10,417913
3659,-10,417946
3660,-10,417981
3661,-10,418010
3662,-10,418042
3663,-10,418080
3664,-10,418116
3665,-10,418154
3666,100,418159
3667,-10,418206
3668,-10,418244
3669,-10,418287
3670,-10,418327
3671,-10,418361
3672,-10,418394
3673,100,418401
3674,-10,418437
3675,-10,418469
3676,-10,418500
3677,-10,418537
3678,-10,418585
3679,-10,418638
3680,-10,418690
3681,-10,418747
3682,-10,418786
3683,-10,418822
3684,-10,418856
3685,-10,418891
3686,-10,418931
3687,-10,418976
3688,-10,419018
3689,-10,419062
3690,-10,419102
3691,-10,419151
3692,-10,419200
3693,-10,419248
3694,-10,419291
3695,-10,419332
3696,-10,419374
3697,-10,419407
3698,-10,419446
3699,-10,419481
3700,-10,419517
3701,-10,419555
3702,-10,419590
3703,-10,419637
3704,-10,419670
3705,-10,419714
3706,-10,419749
3707,-10,419785
3708,-10,419822
3709,-10,419860
3710,-10,419891
3711,-10,419925
3712,-10,419970
3713,-10,420009
3714,-10,420053
3715,-10,420140
3716,-10,420196
3717,-10,420249
3718,-10,420302
3719,-10,420343
3720,-10,420382
3721,-10,420417
3722,-10,420458
3723,-10,420491
3724,-10,420542
3725,-10,420568
3726,-10,420604
3727,-10,420639
3728,-10,420681
3729,-10,420718
3730,-10,420751
3731,-10,420784
3732,-10,420826
3733,-10,420870
3734,-10,420913
3735,-10,420965
3736,-10,421001
3737,-10,421042
3738,-10,421094
3739,-10,421153
3740,-10,421202
3741,-10,421242
3742,-10,421296
3743,-10,421348
3744,-10,421405
3745,-10,421453
3746,-10,421497
3747,100,421500
3748,100,421501
3749,-10,421541
3750,-10,421571
3751,-10,421605
3752,-10,421651
3753,-10,421697
3754,-10,421733
3755,-10,421790
3756,-10,421854
3757,-10,421919
3758,-10,421970
3759,-10,422024
3760,-10,422084
3761,100,422085
3762,100,422090
3763,100,422091
3764,-10,422144
3765,-10,422183
3766,-10,422220
3767,-10,422269
3768,-10,422353
3769,-10,422418
3770,-10,422463
3771,-10,422505
3772,-10,422553
3773,-10,422621
3774,-10,422742
3775,-10,423042
3776,-10,423342
3777,-10,423642
3778,-10,423942
3779,-10,424242
3780,-10,424542
3781,100,424578
3782,100,424584
3783,100,424604
3784,-10,424904
3785,-10,425204
3786,100,425205
3787,-10,425505
3788,-10,425805
3789,-10,426105
3790,-10,426405
3791,-10,426705
3792,100,426706
3793,100,426728
3794,-10,427028
3795,-10,427328
3796,-10,427628
3797,100,427652
3798,100,427674
3799,-10,427974
3800,-10,428274
3801,-10,428574
3802,-10,428609
3803,100,428614
3804,100,428698
3805,-10,428791
3806,-10,428823
3807,-10,428856
3808,100,428857
3809,-10,428891
3810,-10,428923
3811,-10,428954
3812,-10,428986
3813,-10,429286
3814,100,429557
3815,-10,429857
3816,-10,430157
3817,-10,430457
3818,-10,430757
3819,-10,431057
3820,100,431340
3821,-10,431640
3822,100,431714
3823,100,431793
3824,100,431870
3825,-10,432170
3826,100,432185
3827,-10,432485
3828,100,432559
3829,100,432584
3830,100,432605
3831,100,432619
3832,100,432632
3833,100,432661
3834,100,432685
3835,100,432783
3836,100,432799
3837,100,432892
3838,100,432913
3839,100,432938
3840,100,432978
3841,100,433004
3842,100,433036
3843,100,433076
3844,100,433113
3845,100,433130
3846,100,433237
3847,-10,433537
3848,-10,433837
3849,100,433871
3850,100,433931
3851,100,433971
3852,100,434043
3853,100,434054
3854,100,434082
3855,100,434135
3856,100,434252
3857,100,434402
3858,100,434410
3859,100,434456
3860,100,434491
3861,100,434528
3862,100,434667
3863,-10,434775
3864,100,434820
3865,-10,434855
3866,100,434867
3867,-10,434906
3868,-10,434942
3869,100,434957
3870,100,434976
3871,100,434991
3872,100,435016
3873,100,435105
3874,-10,435385
3875,100,435400
3876,100,435491
3877,100,435525
3878,100,435557
3879,100,435645
3880,-10,435676
3881,100,435695
3882,-10,435725
3883,-10,435756
3884,-10,435789
3885,-10,435818
3886,100,435863
3887,-10,435889
3888,-10,435916
3889,-10,435954
3890,-10,435984
3891,-10,436024
3892,100,436038
3893,-10,436072
3894,-10,436107
3895,100,436133
3896,100,436191
3897,100,436216
3898,100,436252
3899,100,436274
3900,100,436283
3901,100,436301
3902,100,436454
3903,-10,436481
3904,100,436491
3905,-10,436651
3906,100,436656
3907,100,436669
3908,-10,436706
3909,-10,436739
3910,100,436755
3911,-10,436789
3912,-10,436817
3913,-10,436844
3914,-10,436871
3915,-10,436905
3916,-10,436939
3917,100,436950
3918,-10,436987
3919,100,436996
3920,100,437019
3921,-10,437061
3922,100,437080
3923,-10,437321
3924,100,437340
3925,-10,437381
3926,100,437390
3927,-10,437421
3928,-10,437459
3929,-10,437489
3930,-10,437525
3931,-10,437558
3932,-10,437595
3933,-10,437632
3934,-10,437662
3935,100,437672
3936,100,437685
3937,-10,437719
3938,100,437781
3939,-10,437811
3940,-10,437842
3941,100,437861
3942,-10,437892
3943,-10,437931
3944,-10,437962
3945,-10,437996
3946,-10,438031
3947,-10,438063
3948,-10,438094
3949,100,438109
3950,100,438110
3951,-10,438151
3952,-10,438187
3953,100,438205
3954,-10,438235
3955,-10,438273
3956,-10,438310
3957,-10,438341
3958,-10,438373
3959,100,438378
3960,-10,438410
3961,100,438426
3962,-10,438464
3963,-10,438498
3964,100,438524
3965,100,438525
3966,-10,438568
3967,-10,438608
3968,-10,438647
3969,-10,438687
3970,-10,438728
3971,-10,438768
3972,-10,438800
3973,-10,438832
3974,-10,438870
3975,100,438893
3976,-10,438935
3977,100,438950
3978,-10,438988
3979,-10,439015
3980,-10,439048
3981,-10,439077
3982,100,439094
3983,-10,439122
3984,-10,439154
3985,100,439173
3986,-10,439211
3987,-10,439243
3988,-10,439283
3989,-10,439330
3990,100,439356
3991,-10,439387
3992,100,439392
3993,-10,439692
3994,-10,439731
3995,100,439748
3996,100,439805
3997,100,439904
3998,100,440140
3999,-10,440440
4000,100,440493
4001,-10,440547
4002,100,440813
4003,100,440847
4004,100,440867
4005,100,441021
4006,100,441043
4007,-10,441217
4008,100,441259
4009,100,441301
4010,100,441394
4011,100,441477
4012,100,441506
4013,100,441525
4014,100,441563
4015,100,441603
4016,100,441629
4017,100,441649
4018,100,441737
4019,-10,441769
4020,100,441857
4021,100,441868
4022,100,441888
4023,100,441905
4024,100,441945
4025,100,441955
4026,100,441962
4027,100,441963
4028,100,442008
4029,100,442029
4030,-10,442062
4031,100,442124
4032,100,442162
4033,100,442166
4034,100,442187
4035,100,442223
4036,100,442249
4037,100,442271
4038,100,442283
4039,100,442317
4040,100,442318
4041,100,442331
4042,100,442402
4043,-10,442443
4044,-10,442470
4045,100,442497
4046,-10,442525
4047,100,442552
4048,100,442564
4049,100,442599
4050,100,442617
4051,100,442647
4052,100,442665
4053,100,442695
4054,100,442722
4055,100,442786
4056,100,442808
4057,100,442840
4058,100,442863
4059,100,442870
4060,100,442914
4061,100,442924
4062,100,442928
4063,100,442949
4064,-10,442996
4065,-10,443044
4066,100,443068
4067,100,443089
4068,100,443130
4069,100,443153
4070,-10,443453
4071,100,443477
4072,100,443598
4073,100,443645
4074,100,443657
4075,100,443675
4076,100,443701
4077,100,443728
4078,100,443760
4079,100,443761
4080,100,443786
4081,100,443806
4082,100,443816
4083,100,443862
4084,100,443930
4085,100,443938
4086,100,443953
4087,100,443963
4088,100,444060
4089,100,444081
4090,100,444099
4091,100,444123
4092,100,444144
4093,100,444192
4094,100,444216
4095,100,444328
4096,100,444342
4097,100,444367
4098,100,444377
4099,100,444394
4100,100,444410
4101,100,444425
4102,100,444483
4103,100,444499
4104,100,444514
4105,100,444540
4106,100,444593
4107,100,444622
4108,-10,444656
4109,100,444678
4110,100,444685
4111,100,444710
4112,100,444773
4113,100,444820
4114,100,444846
4115,100,444870
4116,100,444938
4117,100,444943
4118,100,444962
4119,100,444989
4120,100,445023
4121,100,445046
4122,100,445053
4123,100,445068
4124,100,445081
4125,100,445094
4126,-10,445128
4127,100,445152
4128,100,445193
4129,100,445197
4130,100,445261
4131,100,445314
4132,100,445329
4133,100,445368
4134,100,445372
4135,100,445391
4136,100,445446
4137,100,445462
4138,100,445484
4139,100,445485
4140,100,445495
4141,100,445496
4142,100,445510
4143,100,445571
4144,100,445594
4145,100,445647
4146,-10,445680
4147,100,445697
4148,100,445727
4149,100,445791
4150,100,445813
4151,100,445829
4152,100,445881
4153,100,445921
4154,100,445958
4155,100,445972
4156,100,445982
4157,100,445983
4158,100,445988
4159,100,446004
4160,100,446022
4161,100,446073
4162,100,446102
4163,-10,446134
4164,100,446148
4165,100,446178
4166,100,446238
4167,100,446272
4168,100,446311
4169,100,446336
4170,100,446367
4171,100,446373
4172,100,446445
4173,100,446466
4174,100,446492
4175,100,446660
4176,100,446663
4177,-10,446697
4178,100,446721
4179,100,446740
4180,100,446772
4181,100,446793
4182,100,446799
4183,100,446818
4184,100,446837
4185,100,446873
4186,100,446891
4187,100,446936
4188,100,446974
4189,100,447007
4190,100,447008
4191,100,447025
4192,100,447028
4193,100,447048
4194,100,447066
4195,100,447095
4196,100,447114
4197,100,447133
4198,100,447156
4199,100,447201
4200,100,447241
4201,100,447262
4202,100,447305
4203,100,447331
4204,100,447363
4205,100,447381
4206,100,447410
4207,100,447428
4208,100,447457
4209,100,447481
4210,100,447511
4211,100,447532
4212,100,447567
4213,100,447599
4214,100,447623
4215,100,447657
4216,100,447658
4217,100,447684
4218,100,447685
4219,100,447693
4220,100,447717
4221,100,447735
4222,100,447751
4223,100,447770
4224,100,447781
4225,100,447798
4226,100,447821
4227,100,447843
4228,100,447846
4229,100,447866
4230,100,447882
4231,-10,447918
4232,100,447948
4233,100,447968
4234,100,448009
4235,100,448037
4236,100,448056
4237,100,448070
4238,100,448114
4239,100,448156
4240,100,448164
4241,100,448203
4242,100,448220
4243,100,448247
4244,100,448263
4245,100,448302
4246,100,448313
4247,100,448354
4248,100,448381
4249,100,448411
4250,100,448437
4251,100,448457
4252,100,448506
4253,100,448542
4254,100,448596
4255,100,448661
4256,100,448692
4257,100,448759
4258,100,448785
4259,100,448838
4260,100,448864
4261,100,448918
4262,100,449017
4263,100,449037
4264,-10,449080
4265,100,449091
4266,100,449168
4267,100,449183
4268,100,449193
4269,100,449212
4270,100,449233
4271,100,449246
4272,100,449283
4273,100,449323
4274,100,449339
4275,100,449366
4276,100,449395
4277,100,449404
4278,100,449445
4279,100,449462
4280,100,449503
4281,100,449535
4282,100,449576
4283,100,449613
4284,100,449653
4285,100,449675
4286,100,449698
4287,100,449724
4288,100,449741
4289,100,449786
4290,100,449820
4291,100,449837
4292,100,449882
4293,100,449911
4294,100,449925
4295,100,449959
4296,100,450236
4297,100,450273
4298,100,450313
4299,100,450345
4300,100,450403
4301,100,450446
4302,100,450508
4303,100,450545
4304,100,450584
4305,100,450615
4306,100,450662
4307,100,450685
4308,100,450710
4309,100,450734
4310,100,450744
4311,100,450762
4312,100,450789
4313,100,450824
4314,100,450858
4315,100,450877
4316,100,450906
4317,100,450934
4318,100,451073
4319,100,451104
4320,100,451132
4321,100,451181
4322,100,451199
4323,100,451238
4324,100,451285
4325,100,451311
4326,100,451345
4327,100,451391
4328,100,451415
4329,100,451464
4330,100,451491
4331,100,451540
4332,100,451560
4333,100,451573
4334,100,451600
4335,100,451640
4336,100,451655
4337,100,451670
4338,100,451704
4339,100,451744
4340,100,451770
4341,100,451784
4342,100,451792
4343,100,451826
4344,100,451833
4345,100,451875
4346,100,451913
4347,100,451948
4348,100,451970
4349,100,451982
4350,100,452013
4351,100,452039
4352,100,452066
4353,100,452096
4354,100,452103
4355,100,452111
4356,100,452121
4357,100,452158
4358,100,452176
4359,100,452202
4360,100,452223
4361,100,452248
4362,100,452273
4363,100,452284
4364,100,452304
4365,100,452307
4366,100,452326
4367,100,452360
4368,100,452377
4369,100,452412
4370,100,452422
4371,100,452447
4372,100,452478
4373,100,452498
4374,100,452516
4375,100,452542
4376,100,452575
4377,100,452602
4378,100,452648
4379,100,452678
4380,100,452708
4381,100,452721
4382,100,452736
4383,100,452770
4384,100,452791
4385,100,452820
4386,100,452862
4387,100,452895
4388,100,452979
4389,100,453017
4390,100,453033
4391,100,453056
4392,100,453057
4393,100,453089
4394,100,453129
4395,100,453166
4396,100,453190
4397,100,453220
4398,100,453247
4399,100,453276
4400,100,453314
4401,100,453347
4402,100,453365
4403,100,453384
4404,100,453411
4405,100,453467
4406,100,453529
4407,100,453552
4408,100,453578
4409,100,453605
4410,100,453622
4411,100,453652
4412,100,453660
4413,100,453691
4414,100,453716
4415,100,453749
4416,100,453771
4417,100,453798
4418,100,453824
4419,100,453878
4420,100,453917
4421,100,453946
4422,100,453967
4423,100,453997
4424,100,454028
4425,100,454063
4426,100,454097
4427,100,454126
4428,100,454145
4429,100,454174
4430,100,454213
4431,100,454239
4432,100,454240
4433,100,454241
4434,100,454272
4435,100,454275
4436,100,454291
4437,100,454319
4438,100,454404
4439,100,454534
4440,100,454570
4441,100,454623
4442,100,454658
4443,100,454695
4444,100,454738
4445,100,454783
4446,100,454816
4447,100,454854
4448,100,454901
4449,100,454913
4450,100,455007
4451,100,455028
4452,100,455053
4453,100,455078
4454,100,455120
4455,100,455162
4456,100,455184
4457,100,455227
4458,100,455250
4459,100,455266
4460,100,455285
4461,100,455304
4462,100,455337
4463,100,455370
4464,100,455380
4465,100,455428
4466,100,455452
4467,100,455473
4468,100,455496
4469,100,455505
4470,100,455550
4471,100,455578
4472,100,455618
4473,100,455634
4474,100,455675
4475,100,455704
4476,100,455727
4477,100,455763
4478,100,455796
4479,100,455816
4480,100,455854
4481,100,455903
4482,100,455935
4483,100,455972
4484,100,456016
4485,100,456031
4486,100,456038
4487,100,456086
4488,100,456112
4489,100,456130
4490,100,456184
4491,100,456221
4492,100,456250
4493,100,456272
4494,100,456285
4495,100,456307
4496,100,456347
4497,100,456369
4498,100,456390
4499,100,456395
4500,100,456414
4501,100,456444
4502,100,456467
4503,100,456512
4504,100,456540
4505,100,456557
4506,100,456604
4507,100,456621
4508,100,456645
4509,100,456674
4510,100,456699
4511,100,456714
4512,100,456735
4513,100,456755
4514,100,456777
4515,100,456817
4516,100,456838
4517,100,456876
4518,100,456901
4519,100,456921
4520,100,456957
4521,100,456983
4522,100,457010
4523,100,457046
4524,100,457061
4525,100,457075
4526,100,457093
4527,100,457126
4528,100,457149
4529,100,457164
4530,100,457190
4531,100,457221
4532,100,457247
4533,100,457306
4534,100,457318
4535,100,457333
4536,100,457341
4537,100,457353
4538,100,457374
4539,100,457388
4540,100,457415
4541,100,457447
4542,100,457467
4543,100,457511
4544,100,457526
4545,100,457566
4546,100,457589
4547,100,457603
4548,100,457628
4549,100,457648
4550,100,457654
4551,100,457685
4552,100,457720
4553,100,457729
4554,100,457777
4555,100,457807
4556,100,457839
4557,100,457864
4558,100,457890
4559,100,457903
4560,100,457925
4561,100,457972
4562,100,457996
4563,100,458011
4564,100,458025
4565,100,458048
4566,100,458067
4567,100,458089
4568,100,458150
4569,100,458162
4570,100,458192
4571,100,458213
4572,100,458251
4573,100,458263
4574,100,458300
4575,100,458312
4576,100,458348
4577,100,458363
4578,100,458397
4579,100,458427
4580,100,458449
4581,100,458467
4582,100,458495
4583,100,458515
4584,100,458570
4585,100,458639
4586,100,458708
4587,100,458709
4588,100,458756
4589,100,458785
4590,100,458845
4591,100,458947
4592,100,459054
4593,100,459074
4594,100,459083
4595,100,459084
4596,100,459119
4597,100,459137
4598,100,459172
4599,100,459193
4600,100,459194
4601,100,459224
4602,100,459230
4603,100,459272
4604,100,459297
4605,100,459431
4606,100,459480
4607,100,459484
4608,100,459503
4609,100,459536
4610,100,459537
4611,100,459585
4612,100,459608
4613,100,459632
4614,100,459671
4615,100,459777
4616,100,459800
4617,100,459820
4618,100,459899
4619,100,459929
4620,100,459966
4621,100,460006
4622,100,460027
4623,100,460072
4624,100,460126
4625,100,460191
4626,100,460239
4627,100,460252
4628,100,460313
4629,100,460363
4630,100,460407
4631,100,460436
4632,100,460464
4633,100,460497
4634,100,460543
4635,100,460544
4636,100,460586
4637,100,460602
4638,100,460624
4639,100,460637
4640,100,460666
4641,100,460703
4642,100,460734
4643,100,460758
4644,100,460781
4645,100,460823
4646,100,460845
4647,100,460871
4648,100,460897
4649,100,460920
4650,100,460938
4651,100,460962
4652,100,460978
4653,100,461011
4654,100,461018
4655,100,461039
4656,100,461070
4657,100,461109
4658,100,461136
4659,100,461405
4660,100,461419
4661,100,461443
4662,100,461533
4663,100,461573
4664,100,461598
4665,100,461614
4666,100,461641
4667,-10,461668
4668,100,461684
4669,-10,461711
4670,-10,461740
4671,100,461753
4672,-10,461783
4673,100,461809
4674,-10,461838
4675,-10,461869
4676,100,461895
4677,100,461915
4678,100,461937
4679,100,461963
4680,100,461979
4681,100,461990
4682,100,461996
4683,100,461997
4684,100,462023
4685,100,462041
4686,100,462066
4687,100,462230
4688,100,462281
4689,100,462300
4690,100,462317
4691,100,462337
4692,100,462343
4693,100,462344
4694,100,462409
4695,100,462443
4696,100,462503
4697,100,462513
4698,100,462526
4699,100,462546
4700,100,462585
4701,100,462612
4702,100,462639
4703,100,462646
4704,100,462666
4705,100,462699
4706,100,462732
4707,100,462755
4708,100,462759
4709,100,462760
4710,100,462797
4711,100,462818
4712,100,462843
4713,100,462859
4714,100,462871
4715,100,462898
4716,100,462908
4717,100,463009
4718,100,463047
4719,100,463079
4720,100,463091
4721,100,463113
4722,-10,463163
4723,100,463203
4724,100,463238
4725,100,463351
4726,100,463383
4727,100,463436
4728,100,463453
4729,100,463467
4730,100,463477
4731,100,463482
4732,100,463490
4733,100,463639
4734,100,463689
4735,100,463719
4736,100,463771
4737,100,463814
4738,100,463822
4739,100,463865
4740,100,463892
4741,100,464191
4742,100,464218
4743,100,464251
4744,100,464401
4745,100,464439
4746,100,464456
4747,100,464490
4748,100,464538
4749,100,464576
4750,100,464602
4751,100,464628
4752,100,464656
4753,100,464657
4754,100,464688
4755,100,464716
4756,100,464749
4757,100,464784
4758,100,464808
4759,100,464824
4760,100,464864
4761,100,464902
4762,100,464945
4763,100,464967
4764,100,465006
4765,100,465007
4766,100,465031
4767,100,465058
4768,100,465122
4769,100,465144
4770,100,465183
4771,100,465198
4772,100,465216
4773,100,465242
4774,100,465277
4775,100,465293
4776,100,465312
4777,100,465349
4778,100,465383
4779,100,465388
4780,100,465425
4781,100,465463
4782,100,465497
4783,100,465521
4784,100,465552
4785,100,465568
4786,100,465584
4787,100,465646
4788,100,465647
4789,100,465758
4790,100,465785
4791,100,465818
4792,100,465855
4793,100,465894
4794,100,465945
4795,100,465954
4796,100,466008
4797,100,466026
4798,100,466074
4799,100,466093
4800,100,466166
4801,100,466215
4802,100,466221
4803,100,466257
4804,100,466286
4805,100,466325
4806,100,466351
4807,100,466396
4808,100,466426
4809,100,466462
4810,100,466483
4811,100,466508
4812,100,466509
4813,100,466543
4814,100,466558
4815,100,466624
4816,100,466733
4817,100,466800
4818,100,466826
4819,100,466845
4820,100,466981
4821,100,467002
4822,100,467132
4823,100,467171
4824,100,467206
4825,100,467236
4826,100,467273
4827,100,467309
4828,100,467381
4829,100,467403
4830,100,467428
4831,100,467505
4832,100,467527
4833,100,467564
4834,100,467635
4835,100,467653
4836,100,467671
4837,100,467692
4838,100,467718
4839,100,467737
4840,100,467817
4841,100,467865
4842,100,468015
4843,100,468018
4844,100,468042
4845,100,468055
4846,100,468072
4847,100,468077
4848,100,468108
4849,100,468115
4850,100,468151
4851,100,468174
4852,100,468221
4853,100,468244
4854,100,468290
4855,100,468313
4856,100,468367
4857,100,468390
4858,100,468402
4859,100,468449
4860,100,468476
4861,100,468500
4862,-10,468535
4863,-10,468571
4864,100,468583
4865,100,468607
4866,100,468662
4867,100,468699
4868,100,468709
4869,100,468739
4870,100,468753
4871,100,468791
4872,100,468820
4873,100,468825
4874,100,468831
4875,100,468848
4876,100,468888
4877,100,468917
4878,100,468924
4879,100,468964
4880,100,468996
4881,100,469022
4882,100,469046
4883,100,469056
4884,100,469095
4885,100,469145
4886,100,469156
4887,100,469168
4888,100,469197
4889,100,469219
4890,100,469242
4891,100,469303
4892,100,469312
4893,100,469347
4894,100,469361
4895,100,469408
4896,100,469423
4897,100,469459
4898,100,469502
4899,100,469517
4900,100,469536
4901,100,469560
4902,-10,469601
4903,100,469624
4904,100,469665
4905,100,469686
4906,100,469727
4907,100,469748
4908,100,469779
4909,100,469822
4910,100,469912
4911,100,469930
4912,100,469950
4913,100,469970
4914,100,469992
4915,100,470028
4916,100,470049
4917,100,470059
4918,100,470077
4919,100,470105
4920,100,470119
4921,100,470141
4922,100,470183
4923,100,470211
4924,100,470212
4925,100,470258
4926,100,470279
4927,100,470304
4928,100,470332
4929,100,470349
4930,100,470379
4931,100,470405
4932,100,470523
4933,100,470533
4934,100,470580
4935,100,470606
4936,100,470629
4937,100,470645
4938,100,470659
4939,100,470686
4940,100,470694
4941,100,470708
4942,100,470730
4943,100,470740
4944,100,470779
4945,100,470797
4946,100,470801
4947,100,470836
4948,100,470885
4949,100,470915
4950,100,470929
4951,100,470947
4952,-10,470977
4953,100,470996
4954,100,471011
4955,-10,471044
4956,-10,471076
4957,-10,471107
4958,100,471115
4959,100,471133
4960,100,471154
4961,100,471179
4962,100,471201
4963,100,471245
4964,100,471278
4965,100,471307
4966,100,471323
4967,100,471328
4968,100,471343
4969,100,471361
4970,100,471413
4971,100,471437
4972,100,471465
4973,100,471478
4974,100,471494
4975,100,471495
4976,100,471520
4977,100,471544
4978,100,471590
4979,100,471617
4980,100,471649
4981,100,471681
4982,100,471710
4983,100,471746
4984,100,471768
4985,100,471793
4986,100,471827
4987,100,471852
4988,100,471868
4989,100,471882
4990,100,471907
4991,100,471924
4992,100,471943
4993,100,471980
4994,100,472014
4995,100,472040
4996,100,472077
4997,100,472094
4998,100,472110
4999,100,472136
5000,100,472155
