scores,steps,episode
-10.0,235,1
-10.0,371,2
-10.0,413,3
-10.0,465,4
-10.0,529,5
-10.0,557,6
-10.0,594,7
-10.0,623,8
-10.0,642,9
-10.0,660,10
-10.0,682,11
-10.0,705,12
-10.0,726,13
-10.0,765,14
-10.0,862,15
100.0,880,16
100.0,1104,17
-10.0,1119,18
-10.0,1236,19
-10.0,1327,20
-10.0,1344,21
-10.0,1389,22
-10.0,1406,23
-10.0,1424,24
100.0,1466,25
-10.0,1513,26
-10.0,1550,27
-10.0,1575,28
-10.0,1616,29
-10.0,1645,30
-10.0,1670,31
-10.0,1708,32
-10.0,1757,33
-10.0,1795,34
-10.0,1826,35
-10.0,1865,36
-10.0,1900,37
-10.0,1929,38
-10.0,1962,39
-10.0,1995,40
-10.0,2027,41
-10.0,2050,42
100.0,2058,43
-10.0,2102,44
-10.0,2136,45
-10.0,2182,46
-10.0,2483,47
100.0,2491,48
-10.0,2512,49
-10.0,2549,50
-10.0,2565,51
-10.0,2613,52
-10.0,2659,53
-10.0,2685,54
-10.0,2731,55
-10.0,3032,56
100.0,3067,57
100.0,3099,58
100.0,3120,59
-10.0,3421,60
-10.0,3722,61
-10.0,3947,62
100.0,4186,63
-10.0,4399,64
-10.0,4700,65
-10.0,5001,66
-10.0,5220,67
-10.0,5377,68
-10.0,5476,69
-10.0,5585,70
-10.0,5669,71
-10.0,5879,72
-10.0,5995,73
-10.0,6196,74
-10.0,6269,75
-10.0,6399,76
-10.0,6550,77
-10.0,6773,78
-10.0,7020,79
-10.0,7087,80
-10.0,7158,81
-10.0,7239,82
-10.0,7398,83
-10.0,7639,84
-10.0,7818,85
-10.0,8119,86
-10.0,8420,87
-10.0,8721,88
-10.0,8850,89
-10.0,8935,90
100.0,8961,91
-10.0,9034,92
-10.0,9163,93
100.0,9209,94
-10.0,9401,95
100.0,9544,96
100.0,9600,97
-10.0,9765,98
100.0,9852,99
100.0,9877,100
100.0,9898,101
100.0,9949,102
-10.0,10019,103
100.0,10057,104
-10.0,10079,105
-10.0,10162,106
-10.0,10198,107
100.0,10259,108
-10.0,10294,109
100.0,10325,110
100.0,10360,111
-10.0,10383,112
100.0,10412,113
-10.0,10476,114
100.0,10548,115
100.0,10603,116
-10.0,10690,117
-10.0,10719,118
-10.0,10742,119
-10.0,10761,120
-10.0,10782,121
100.0,10839,122
100.0,10851,123
-10.0,10897,124
-10.0,10915,125
100.0,10991,126
-10.0,11015,127
100.0,11041,128
-10.0,11061,129
-10.0,11104,130
-10.0,11125,131
100.0,11165,132
100.0,11174,133
100.0,11229,134
100.0,11296,135
100.0,11333,136
-10.0,11382,137
100.0,11441,138
-10.0,11487,139
-10.0,11600,140
100.0,11627,141
100.0,11649,142
100.0,11668,143
-10.0,11691,144
100.0,11724,145
100.0,11743,146
100.0,11778,147
-10.0,11799,148
100.0,11833,149
-10.0,11852,150
-10.0,11873,151
-10.0,11913,152
100.0,11926,153
100.0,11959,154
-10.0,11982,155
-10.0,12063,156
-10.0,12082,157
100.0,12117,158
-10.0,12142,159
-10.0,12175,160
100.0,12184,161
100.0,12241,162
100.0,12266,163
100.0,12285,164
-10.0,12304,165
100.0,12314,166
100.0,12348,167
100.0,12379,168
100.0,12404,169
100.0,12455,170
100.0,12498,171
100.0,12525,172
-10.0,12551,173
100.0,12562,174
100.0,12600,175
-10.0,12661,176
-10.0,12676,177
-10.0,12699,178
100.0,12774,179
100.0,12821,180
100.0,12852,181
100.0,12901,182
-10.0,12920,183
-10.0,12969,184
-10.0,13020,185
-10.0,13082,186
100.0,13112,187
100.0,13141,188
-10.0,13173,189
100.0,13255,190
-10.0,13290,191
-10.0,13309,192
100.0,13328,193
100.0,13366,194
-10.0,13405,195
100.0,13445,196
-10.0,13470,197
-10.0,13527,198
100.0,13577,199
100.0,13607,200
100.0,13630,201
100.0,13668,202
-10.0,13694,203
100.0,13733,204
100.0,13762,205
-10.0,13791,206
100.0,13812,207
100.0,13834,208
-10.0,13888,209
-10.0,13924,210
100.0,13956,211
100.0,13983,212
-10.0,14006,213
-10.0,14073,214
-10.0,14102,215
100.0,14130,216
100.0,14138,217
100.0,14193,218
-10.0,14224,219
100.0,14283,220
100.0,14312,221
-10.0,14345,222
-10.0,14381,223
-10.0,14401,224
-10.0,14454,225
100.0,14525,226
-10.0,14555,227
100.0,14587,228
100.0,14607,229
100.0,14637,230
100.0,14675,231
100.0,14683,232
-10.0,14723,233
100.0,14733,234
-10.0,14836,235
100.0,14852,236
100.0,14887,237
100.0,14923,238
100.0,14956,239
100.0,14989,240
100.0,15044,241
-10.0,15091,242
-10.0,15110,243
-10.0,15149,244
-10.0,15176,245
-10.0,15225,246
100.0,15244,247
-10.0,15263,248
-10.0,15281,249
100.0,15313,250
-10.0,15346,251
100.0,15421,252
100.0,15476,253
-10.0,15507,254
100.0,15518,255
100.0,15525,256
100.0,15556,257
100.0,15589,258
100.0,15628,259
100.0,15703,260
100.0,15724,261
100.0,15757,262
100.0,15788,263
-10.0,15815,264
-10.0,15860,265
100.0,15923,266
-10.0,15957,267
100.0,15985,268
100.0,16042,269
100.0,16061,270
100.0,16136,271
100.0,16175,272
100.0,16206,273
100.0,16267,274
-10.0,16300,275
100.0,16317,276
100.0,16338,277
100.0,16392,278
100.0,16430,279
100.0,16463,280
100.0,16502,281
100.0,16521,282
-10.0,16571,283
-10.0,16609,284
100.0,16650,285
100.0,16680,286
100.0,16709,287
100.0,16717,288
100.0,16734,289
100.0,16777,290
-10.0,16834,291
-10.0,16875,292
-10.0,16909,293
100.0,16936,294
100.0,16988,295
100.0,17021,296
100.0,17050,297
100.0,17095,298
100.0,17102,299
100.0,17135,300
100.0,17142,301
100.0,17217,302
-10.0,17268,303
100.0,17316,304
100.0,17376,305
100.0,17383,306
100.0,17420,307
100.0,17427,308
100.0,17434,309
100.0,17483,310
-10.0,17518,311
-10.0,17537,312
100.0,17554,313
100.0,17587,314
100.0,17610,315
100.0,17637,316
-10.0,17655,317
100.0,17689,318
-10.0,17726,319
100.0,17755,320
-10.0,17796,321
100.0,17821,322
100.0,17836,323
-10.0,17875,324
100.0,17945,325
100.0,17980,326
100.0,17988,327
100.0,17998,328
100.0,18026,329
-10.0,18063,330
100.0,18086,331
100.0,18117,332
100.0,18150,333
-10.0,18231,334
-10.0,18271,335
-10.0,18293,336
100.0,18323,337
-10.0,18377,338
100.0,18400,339
-10.0,18451,340
100.0,18480,341
100.0,18491,342
100.0,18510,343
100.0,18527,344
100.0,18566,345
-10.0,18619,346
100.0,18648,347
100.0,18675,348
100.0,18736,349
100.0,18799,350
100.0,18832,351
100.0,18849,352
100.0,18884,353
100.0,18915,354
100.0,18948,355
100.0,18985,356
100.0,19020,357
-10.0,19057,358
100.0,19092,359
-10.0,19133,360
100.0,19204,361
100.0,19241,362
100.0,19266,363
100.0,19305,364
100.0,19366,365
100.0,19387,366
-10.0,19440,367
100.0,19447,368
100.0,19478,369
100.0,19499,370
100.0,19535,371
100.0,19585,372
100.0,19638,373
-10.0,19687,374
100.0,19696,375
100.0,19751,376
100.0,19774,377
100.0,19793,378
100.0,19811,379
100.0,19841,380
100.0,19860,381
-10.0,19905,382
100.0,19929,383
-10.0,19974,384
100.0,20030,385
100.0,20093,386
100.0,20122,387
100.0,20157,388
-10.0,20201,389
100.0,20225,390
-10.0,20278,391
100.0,20311,392
100.0,20338,393
100.0,20385,394
100.0,20410,395
100.0,20475,396
100.0,20508,397
-10.0,20591,398
100.0,20656,399
100.0,20720,400
100.0,20762,401
100.0,20779,402
100.0,20794,403
100.0,20825,404
-10.0,20862,405
100.0,20902,406
100.0,20956,407
100.0,21009,408
100.0,21032,409
-10.0,21067,410
100.0,21092,411
100.0,21127,412
100.0,21160,413
-10.0,21197,414
100.0,21214,415
100.0,21265,416
100.0,21324,417
100.0,21371,418
100.0,21392,419
100.0,21413,420
100.0,21452,421
100.0,21485,422
100.0,21536,423
100.0,21572,424
100.0,21582,425
100.0,21621,426
100.0,21629,427
100.0,21662,428
100.0,21694,429
100.0,21717,430
100.0,21770,431
100.0,21777,432
100.0,21792,433
100.0,21859,434
-10.0,21898,435
-10.0,21933,436
-10.0,21992,437
-10.0,22117,438
100.0,22154,439
100.0,22173,440
-10.0,22194,441
100.0,22235,442
-10.0,22276,443
100.0,22285,444
100.0,22362,445
100.0,22395,446
100.0,22426,447
100.0,22449,448
100.0,22470,449
-10.0,22531,450
100.0,22562,451
100.0,22665,452
100.0,22688,453
100.0,22721,454
-10.0,22768,455
100.0,22779,456
-10.0,22808,457
-10.0,22851,458
-10.0,22870,459
100.0,22902,460
100.0,22926,461
100.0,22969,462
100.0,23032,463
100.0,23067,464
100.0,23106,465
100.0,23137,466
100.0,23156,467
100.0,23193,468
100.0,23216,469
100.0,23239,470
100.0,23256,471
100.0,23287,472
-10.0,23351,473
100.0,23407,474
100.0,23468,475
100.0,23502,476
100.0,23522,477
100.0,23539,478
100.0,23568,479
100.0,23607,480
100.0,23627,481
-10.0,23652,482
100.0,23718,483
100.0,23751,484
100.0,23804,485
-10.0,23857,486
-10.0,23896,487
100.0,23935,488
-10.0,23958,489
100.0,24051,490
100.0,24094,491
100.0,24131,492
100.0,24170,493
100.0,24217,494
100.0,24250,495
-10.0,24285,496
100.0,24311,497
100.0,24339,498
100.0,24346,499
100.0,24398,500
100.0,24452,501
100.0,24509,502
100.0,24530,503
-10.0,24567,504
100.0,24589,505
100.0,24621,506
100.0,24654,507
100.0,24675,508
100.0,24738,509
100.0,24757,510
100.0,24829,511
100.0,24875,512
100.0,24910,513
100.0,24919,514
-10.0,24956,515
100.0,24975,516
100.0,25014,517
100.0,25057,518
100.0,25086,519
100.0,25105,520
100.0,25146,521
100.0,25153,522
100.0,25232,523
100.0,25283,524
100.0,25332,525
100.0,25355,526
-10.0,25374,527
-10.0,25443,528
100.0,25506,529
100.0,25539,530
100.0,25602,531
-10.0,25640,532
100.0,25674,533
100.0,25695,534
100.0,25722,535
100.0,25729,536
-10.0,25754,537
100.0,25807,538
100.0,25838,539
100.0,25873,540
-10.0,25926,541
100.0,25965,542
-10.0,26002,543
100.0,26036,544
100.0,26066,545
100.0,26113,546
100.0,26158,547
100.0,26217,548
100.0,26250,549
100.0,26268,550
100.0,26302,551
100.0,26313,552
-10.0,26341,553
100.0,26348,554
100.0,26374,555
-10.0,26410,556
100.0,26450,557
100.0,26477,558
100.0,26509,559
100.0,26561,560
100.0,26600,561
100.0,26636,562
100.0,26670,563
100.0,26767,564
100.0,26818,565
100.0,26877,566
100.0,26940,567
100.0,26971,568
100.0,26992,569
100.0,27023,570
100.0,27064,571
100.0,27095,572
-10.0,27140,573
100.0,27188,574
100.0,27218,575
100.0,27239,576
-10.0,27273,577
100.0,27323,578
100.0,27348,579
100.0,27385,580
100.0,27416,581
100.0,27425,582
-10.0,27448,583
100.0,27481,584
100.0,27506,585
100.0,27567,586
100.0,27616,587
100.0,27635,588
100.0,27656,589
-10.0,27698,590
100.0,27760,591
-10.0,27803,592
100.0,27834,593
100.0,27849,594
100.0,27896,595
100.0,27923,596
100.0,27935,597
100.0,27955,598
100.0,27984,599
100.0,28004,600
100.0,28034,601
100.0,28069,602
100.0,28128,603
100.0,28143,604
100.0,28176,605
100.0,28207,606
100.0,28233,607
100.0,28297,608
100.0,28330,609
100.0,28391,610
100.0,28432,611
100.0,28455,612
100.0,28484,613
100.0,28505,614
100.0,28536,615
-10.0,28587,616
-10.0,28607,617
100.0,28645,618
100.0,28692,619
100.0,28731,620
100.0,28752,621
-10.0,28770,622
100.0,28790,623
-10.0,28867,624
100.0,28897,625
100.0,28981,626
-10.0,29086,627
100.0,29163,628
100.0,29186,629
-10.0,29261,630
100.0,29293,631
100.0,29348,632
100.0,29418,633
-10.0,29463,634
100.0,29546,635
100.0,29576,636
100.0,29678,637
100.0,29737,638
-10.0,29754,639
100.0,29819,640
100.0,29878,641
100.0,29933,642
100.0,29976,643
100.0,30007,644
100.0,30059,645
-10.0,30141,646
-10.0,30214,647
100.0,30243,648
100.0,30313,649
100.0,30351,650
100.0,30390,651
100.0,30397,652
-10.0,30465,653
100.0,30541,654
100.0,30578,655
-10.0,30651,656
100.0,30698,657
100.0,30772,658
-10.0,30843,659
100.0,30865,660
100.0,30914,661
-10.0,30973,662
100.0,31008,663
-10.0,31053,664
100.0,31062,665
100.0,31077,666
100.0,31128,667
100.0,31196,668
100.0,31212,669
100.0,31263,670
100.0,31310,671
100.0,31323,672
100.0,31374,673
-10.0,31421,674
100.0,31504,675
100.0,31555,676
100.0,31572,677
100.0,31651,678
-10.0,31700,679
100.0,31733,680
100.0,31740,681
100.0,31813,682
100.0,31882,683
100.0,31905,684
100.0,32040,685
100.0,32073,686
100.0,32100,687
-10.0,32203,688
-10.0,32302,689
100.0,32326,690
100.0,32333,691
100.0,32371,692
100.0,32444,693
100.0,32513,694
100.0,32540,695
100.0,32591,696
100.0,32630,697
100.0,32637,698
100.0,32674,699
100.0,32769,700
100.0,32815,701
100.0,32839,702
100.0,32846,703
-10.0,32908,704
100.0,32976,705
100.0,33009,706
100.0,33022,707
100.0,33051,708
100.0,33094,709
100.0,33143,710
100.0,33166,711
-10.0,33204,712
100.0,33228,713
-10.0,33304,714
100.0,33402,715
100.0,33435,716
100.0,33466,717
100.0,33480,718
100.0,33522,719
100.0,33605,720
100.0,33656,721
100.0,33709,722
100.0,33768,723
-10.0,33818,724
100.0,33852,725
100.0,33884,726
100.0,33948,727
100.0,33975,728
100.0,33995,729
100.0,34003,730
100.0,34020,731
100.0,34059,732
100.0,34080,733
100.0,34135,734
100.0,34154,735
100.0,34219,736
100.0,34250,737
100.0,34282,738
100.0,34325,739
100.0,34377,740
-10.0,34410,741
100.0,34453,742
100.0,34490,743
100.0,34514,744
-10.0,34560,745
100.0,34623,746
100.0,34671,747
100.0,34722,748
100.0,34750,749
100.0,34780,750
100.0,34815,751
100.0,34827,752
100.0,34908,753
100.0,34953,754
100.0,34986,755
100.0,35035,756
100.0,35068,757
100.0,35117,758
100.0,35168,759
100.0,35207,760
100.0,35256,761
100.0,35295,762
100.0,35316,763
-10.0,35349,764
100.0,35404,765
100.0,35439,766
-10.0,35530,767
100.0,35538,768
100.0,35582,769
-10.0,35621,770
100.0,35658,771
100.0,35719,772
-10.0,35742,773
-10.0,35783,774
100.0,35824,775
100.0,35896,776
-10.0,35928,777
100.0,35935,778
100.0,35982,779
100.0,36037,780
-10.0,36070,781
100.0,36109,782
100.0,36166,783
-10.0,36217,784
100.0,36276,785
100.0,36285,786
100.0,36310,787
100.0,36326,788
100.0,36354,789
100.0,36377,790
100.0,36415,791
100.0,36445,792
100.0,36480,793
100.0,36513,794
100.0,36548,795
-10.0,36595,796
100.0,36666,797
100.0,36691,798
100.0,36738,799
-10.0,36785,800
100.0,36810,801
100.0,36849,802
100.0,36904,803
100.0,36953,804
-10.0,36994,805
100.0,37021,806
100.0,37087,807
100.0,37141,808
100.0,37176,809
100.0,37213,810
100.0,37221,811
100.0,37274,812
100.0,37313,813
-10.0,37371,814
100.0,37376,815
100.0,37413,816
100.0,37464,817
-10.0,37483,818
100.0,37522,819
100.0,37528,820
100.0,37568,821
100.0,37617,822
100.0,37639,823
100.0,37673,824
-10.0,37732,825
100.0,37769,826
100.0,37806,827
100.0,37831,828
-10.0,37864,829
100.0,37913,830
100.0,37922,831
100.0,37961,832
100.0,38002,833
100.0,38039,834
100.0,38080,835
100.0,38155,836
100.0,38187,837
100.0,38231,838
100.0,38242,839
100.0,38265,840
100.0,38296,841
-10.0,38313,842
100.0,38344,843
100.0,38351,844
100.0,38384,845
-10.0,38441,846
-10.0,38486,847
100.0,38505,848
100.0,38566,849
-10.0,38607,850
100.0,38623,851
100.0,38656,852
100.0,38714,853
-10.0,38792,854
-10.0,38812,855
100.0,38843,856
100.0,38880,857
100.0,38889,858
100.0,38920,859
100.0,38966,860
100.0,39000,861
100.0,39053,862
100.0,39092,863
100.0,39141,864
100.0,39164,865
100.0,39213,866
100.0,39252,867
100.0,39269,868
-10.0,39306,869
100.0,39359,870
-10.0,39407,871
100.0,39509,872
-10.0,39550,873
100.0,39579,874
100.0,39615,875
100.0,39665,876
100.0,39726,877
100.0,39763,878
100.0,39807,879
100.0,39823,880
100.0,39872,881
-10.0,39895,882
100.0,39938,883
100.0,40015,884
100.0,40044,885
-10.0,40091,886
-10.0,40128,887
-10.0,40179,888
-10.0,40196,889
100.0,40257,890
100.0,40287,891
100.0,40308,892
100.0,40330,893
100.0,40362,894
100.0,40386,895
100.0,40457,896
100.0,40532,897
100.0,40553,898
-10.0,40590,899
100.0,40621,900
100.0,40662,901
100.0,40709,902
100.0,40762,903
-10.0,40811,904
-10.0,40838,905
100.0,40892,906
100.0,40942,907
100.0,40982,908
100.0,41038,909
100.0,41085,910
100.0,41116,911
100.0,41163,912
100.0,41253,913
-10.0,41283,914
100.0,41319,915
-10.0,41356,916
100.0,41411,917
100.0,41442,918
100.0,41483,919
100.0,41522,920
-10.0,41549,921
100.0,41588,922
100.0,41603,923
100.0,41668,924
100.0,41715,925
-10.0,41764,926
100.0,41771,927
100.0,41817,928
100.0,41863,929
100.0,41904,930
100.0,41913,931
100.0,41953,932
-10.0,41974,933
100.0,42042,934
100.0,42049,935
100.0,42113,936
100.0,42137,937
100.0,42159,938
-10.0,42191,939
100.0,42198,940
100.0,42228,941
100.0,42262,942
100.0,42293,943
-10.0,42361,944
100.0,42399,945
100.0,42430,946
100.0,42464,947
100.0,42592,948
-10.0,42655,949
100.0,42670,950
-10.0,42755,951
100.0,42826,952
-10.0,42888,953
100.0,42954,954
100.0,42975,955
100.0,43054,956
-10.0,43121,957
-10.0,43150,958
100.0,43198,959
-10.0,43274,960
100.0,43313,961
-10.0,43386,962
100.0,43423,963
100.0,43470,964
-10.0,43581,965
100.0,43657,966
100.0,43707,967
100.0,43768,968
100.0,43841,969
100.0,43915,970
100.0,43987,971
-10.0,44081,972
-10.0,44123,973
100.0,44192,974
100.0,44237,975
100.0,44312,976
100.0,44397,977
100.0,44450,978
100.0,44471,979
-10.0,44488,980
100.0,44565,981
100.0,44600,982
100.0,44649,983
100.0,44694,984
100.0,44703,985
100.0,44770,986
100.0,44837,987
100.0,44884,988
100.0,44941,989
100.0,44982,990
100.0,45053,991
100.0,45102,992
100.0,45129,993
-10.0,45184,994
100.0,45211,995
100.0,45220,996
100.0,45269,997
-10.0,45356,998
100.0,45431,999
-10.0,45498,1000
100.0,45585,1001
100.0,45624,1002
100.0,45659,1003
100.0,45696,1004
100.0,45750,1005
100.0,45796,1006
100.0,45825,1007
100.0,45862,1008
-10.0,45941,1009
100.0,45964,1010
100.0,46033,1011
100.0,46076,1012
100.0,46127,1013
100.0,46174,1014
100.0,46221,1015
100.0,46354,1016
100.0,46417,1017
100.0,46450,1018
100.0,46485,1019
-10.0,46522,1020
100.0,46583,1021
-10.0,46640,1022
100.0,46646,1023
-10.0,46708,1024
100.0,46735,1025
100.0,46741,1026
100.0,46811,1027
100.0,46856,1028
-10.0,46934,1029
100.0,47024,1030
100.0,47067,1031
100.0,47094,1032
100.0,47165,1033
100.0,47204,1034
100.0,47247,1035
100.0,47318,1036
-10.0,47395,1037
100.0,47552,1038
100.0,47582,1039
100.0,47600,1040
100.0,47625,1041
100.0,47634,1042
100.0,47709,1043
-10.0,47765,1044
100.0,47803,1045
100.0,47876,1046
100.0,48027,1047
100.0,48080,1048
100.0,48097,1049
-10.0,48122,1050
100.0,48151,1051
100.0,48216,1052
100.0,48285,1053
100.0,48294,1054
100.0,48337,1055
100.0,48388,1056
-10.0,48453,1057
-10.0,48522,1058
100.0,48595,1059
100.0,48642,1060
-10.0,48665,1061
100.0,48710,1062
-10.0,48761,1063
100.0,48810,1064
100.0,48881,1065
100.0,48936,1066
100.0,48987,1067
100.0,49080,1068
100.0,49125,1069
100.0,49154,1070
100.0,49253,1071
100.0,49290,1072
100.0,49335,1073
100.0,49342,1074
-10.0,49412,1075
100.0,49458,1076
100.0,49539,1077
100.0,49574,1078
100.0,49647,1079
100.0,49690,1080
-10.0,49755,1081
100.0,49830,1082
100.0,49895,1083
100.0,49906,1084
100.0,49915,1085
100.0,49964,1086
100.0,50027,1087
100.0,50058,1088
100.0,50131,1089
100.0,50176,1090
-10.0,50243,1091
100.0,50262,1092
100.0,50301,1093
-10.0,50372,1094
100.0,50407,1095
100.0,50484,1096
100.0,50511,1097
100.0,50576,1098
100.0,50625,1099
100.0,50670,1100
100.0,50718,1101
100.0,50788,1102
100.0,50853,1103
100.0,50918,1104
100.0,50993,1105
-10.0,51086,1106
100.0,51105,1107
100.0,51144,1108
100.0,51285,1109
100.0,51306,1110
100.0,51347,1111
100.0,51420,1112
100.0,51482,1113
100.0,51560,1114
100.0,51605,1115
100.0,51632,1116
100.0,51705,1117
100.0,51746,1118
100.0,51781,1119
100.0,51824,1120
100.0,51877,1121
100.0,51920,1122
100.0,51943,1123
100.0,52002,1124
100.0,52023,1125
100.0,52085,1126
100.0,52151,1127
100.0,52218,1128
100.0,52259,1129
100.0,52310,1130
100.0,52447,1131
100.0,52496,1132
100.0,52503,1133
100.0,52543,1134
100.0,52585,1135
-10.0,52654,1136
100.0,52693,1137
100.0,52716,1138
100.0,52785,1139
100.0,52814,1140
100.0,52873,1141
100.0,52940,1142
100.0,52969,1143
100.0,53038,1144
100.0,53085,1145
100.0,53129,1146
-10.0,53159,1147
100.0,53208,1148
-10.0,53309,1149
100.0,53352,1150
100.0,53399,1151
100.0,53444,1152
100.0,53494,1153
-10.0,53544,1154
-10.0,53627,1155
100.0,53704,1156
100.0,53751,1157
100.0,53818,1158
100.0,53848,1159
100.0,53902,1160
100.0,54031,1161
100.0,54052,1162
100.0,54113,1163
100.0,54186,1164
100.0,54193,1165
100.0,54230,1166
100.0,54269,1167
-10.0,54426,1168
100.0,54495,1169
100.0,54513,1170
100.0,54543,1171
100.0,54558,1172
100.0,54629,1173
100.0,54700,1174
100.0,54733,1175
100.0,54801,1176
100.0,54843,1177
100.0,54885,1178
100.0,54957,1179
100.0,55008,1180
100.0,55055,1181
100.0,55080,1182
100.0,55151,1183
100.0,55196,1184
100.0,55237,1185
100.0,55306,1186
100.0,55347,1187
100.0,55408,1188
100.0,55463,1189
100.0,55490,1190
100.0,55509,1191
100.0,55578,1192
100.0,55611,1193
100.0,55658,1194
100.0,55673,1195
100.0,55692,1196
100.0,55707,1197
100.0,55756,1198
100.0,55785,1199
100.0,55838,1200
100.0,55875,1201
100.0,55940,1202
-10.0,55977,1203
100.0,55984,1204
100.0,56024,1205
100.0,56061,1206
-10.0,56079,1207
100.0,56138,1208
-10.0,56161,1209
100.0,56200,1210
100.0,56251,1211
100.0,56288,1212
100.0,56473,1213
100.0,56482,1214
100.0,56537,1215
100.0,56612,1216
100.0,56641,1217
-10.0,56694,1218
100.0,56765,1219
100.0,56906,1220
-10.0,56957,1221
100.0,57019,1222
100.0,57053,1223
100.0,57100,1224
100.0,57127,1225
100.0,57362,1226
100.0,57405,1227
100.0,57628,1228
100.0,57706,1229
-10.0,57831,1230
-10.0,57857,1231
100.0,57952,1232
100.0,57995,1233
100.0,58050,1234
100.0,58105,1235
100.0,58200,1236
100.0,58257,1237
100.0,58308,1238
100.0,58325,1239
100.0,58386,1240
100.0,58414,1241
100.0,58451,1242
100.0,58483,1243
100.0,58518,1244
100.0,58549,1245
100.0,58616,1246
100.0,58633,1247
100.0,58672,1248
100.0,58703,1249
100.0,58732,1250
100.0,58751,1251
100.0,58792,1252
100.0,58817,1253
100.0,58822,1254
100.0,58865,1255
-10.0,58898,1256
100.0,59073,1257
100.0,59112,1258
100.0,59137,1259
100.0,59192,1260
-10.0,59207,1261
-10.0,59286,1262
100.0,59359,1263
100.0,59408,1264
-10.0,59477,1265
-10.0,59550,1266
100.0,59579,1267
100.0,59638,1268
-10.0,59673,1269
100.0,59736,1270
100.0,59817,1271
-10.0,59976,1272
-10.0,60041,1273
100.0,60094,1274
100.0,60101,1275
100.0,60172,1276
100.0,60217,1277
100.0,60250,1278
100.0,60283,1279
100.0,60368,1280
100.0,60437,1281
100.0,60454,1282
100.0,60485,1283
100.0,60554,1284
100.0,60623,1285
100.0,60678,1286
100.0,60733,1287
100.0,60740,1288
100.0,60780,1289
100.0,60855,1290
100.0,60877,1291
100.0,60976,1292
100.0,61015,1293
100.0,61090,1294
100.0,61111,1295
100.0,61120,1296
-10.0,61217,1297
100.0,61245,1298
100.0,61303,1299
100.0,61332,1300
100.0,61341,1301
-10.0,61367,1302
100.0,61455,1303
100.0,61484,1304
100.0,61544,1305
100.0,61552,1306
100.0,61627,1307
100.0,61698,1308
100.0,61949,1309
100.0,61955,1310
100.0,61999,1311
100.0,62086,1312
-10.0,62223,1313
100.0,62274,1314
100.0,62297,1315
100.0,62360,1316
100.0,62401,1317
100.0,62436,1318
-10.0,62507,1319
100.0,62562,1320
100.0,62627,1321
100.0,62672,1322
100.0,62729,1323
100.0,62776,1324
100.0,62865,1325
100.0,62954,1326
100.0,62973,1327
100.0,62996,1328
100.0,63063,1329
100.0,63102,1330
100.0,63137,1331
100.0,63173,1332
100.0,63203,1333
100.0,63267,1334
-10.0,63344,1335
100.0,63402,1336
100.0,63447,1337
-10.0,63630,1338
100.0,63636,1339
-10.0,63716,1340
100.0,63777,1341
100.0,63832,1342
100.0,63869,1343
100.0,63914,1344
100.0,63946,1345
100.0,64066,1346
-10.0,64367,1347
100.0,64436,1348
-10.0,64511,1349
100.0,64550,1350
100.0,64561,1351
100.0,64599,1352
100.0,64633,1353
100.0,64725,1354
100.0,64797,1355
100.0,64826,1356
-10.0,64881,1357
100.0,64944,1358
100.0,65019,1359
100.0,65048,1360
100.0,65083,1361
100.0,65156,1362
100.0,65318,1363
-10.0,65352,1364
100.0,65395,1365
-10.0,65424,1366
100.0,65483,1367
100.0,65530,1368
100.0,65547,1369
100.0,65626,1370
100.0,65690,1371
-10.0,65812,1372
100.0,65879,1373
-10.0,65941,1374
100.0,66014,1375
100.0,66054,1376
100.0,66081,1377
100.0,66128,1378
100.0,66161,1379
100.0,66204,1380
100.0,66263,1381
100.0,66328,1382
-10.0,66431,1383
100.0,66476,1384
100.0,66505,1385
-10.0,66576,1386
100.0,66619,1387
-10.0,66690,1388
100.0,66725,1389
100.0,66739,1390
100.0,66805,1391
100.0,66824,1392
-10.0,66897,1393
100.0,66942,1394
-10.0,67029,1395
-10.0,67134,1396
-10.0,67192,1397
100.0,67246,1398
100.0,67298,1399
-10.0,67377,1400
100.0,67445,1401
100.0,67468,1402
100.0,67639,1403
100.0,67648,1404
100.0,67699,1405
100.0,67725,1406
100.0,67769,1407
100.0,67775,1408
100.0,67827,1409
100.0,67890,1410
100.0,67963,1411
100.0,68027,1412
-10.0,68102,1413
100.0,68220,1414
100.0,68253,1415
100.0,68338,1416
100.0,68403,1417
100.0,68482,1418
100.0,68509,1419
-10.0,68532,1420
100.0,68609,1421
100.0,68680,1422
100.0,68712,1423
100.0,68778,1424
100.0,68805,1425
100.0,68862,1426
100.0,68935,1427
100.0,68958,1428
-10.0,69111,1429
100.0,69158,1430
100.0,69203,1431
100.0,69275,1432
100.0,69299,1433
100.0,69306,1434
100.0,69333,1435
100.0,69396,1436
100.0,69459,1437
100.0,69467,1438
100.0,69507,1439
100.0,69574,1440
100.0,69641,1441
100.0,69746,1442
100.0,69785,1443
100.0,69832,1444
100.0,69859,1445
-10.0,69972,1446
100.0,69991,1447
100.0,70078,1448
100.0,70153,1449
100.0,70224,1450
100.0,70306,1451
100.0,70362,1452
100.0,70433,1453
100.0,70532,1454
100.0,70563,1455
-10.0,70586,1456
100.0,70615,1457
100.0,70692,1458
100.0,70741,1459
100.0,70780,1460
100.0,70817,1461
100.0,70834,1462
100.0,70901,1463
100.0,70972,1464
100.0,71015,1465
100.0,71118,1466
100.0,71143,1467
100.0,71187,1468
100.0,71213,1469
-10.0,71242,1470
100.0,71319,1471
100.0,71402,1472
100.0,71435,1473
100.0,71504,1474
100.0,71569,1475
-10.0,71618,1476
100.0,71643,1477
100.0,71650,1478
100.0,71657,1479
100.0,71688,1480
100.0,71745,1481
100.0,71776,1482
100.0,71849,1483
100.0,71896,1484
100.0,71977,1485
100.0,72052,1486
100.0,72081,1487
100.0,72134,1488
-10.0,72169,1489
100.0,72238,1490
100.0,72267,1491
100.0,72340,1492
100.0,72370,1493
100.0,72406,1494
100.0,72433,1495
100.0,72508,1496
100.0,72529,1497
100.0,72586,1498
-10.0,72602,1499
100.0,72638,1500
100.0,72659,1501
100.0,72749,1502
100.0,72785,1503
100.0,72846,1504
100.0,72871,1505
100.0,72934,1506
100.0,72957,1507
100.0,72993,1508
100.0,73061,1509
-10.0,73094,1510
100.0,73145,1511
-10.0,73205,1512
-10.0,73291,1513
100.0,73364,1514
-10.0,73408,1515
100.0,73438,1516
100.0,73465,1517
100.0,73499,1518
100.0,73507,1519
100.0,73552,1520
100.0,73655,1521
100.0,73662,1522
100.0,73669,1523
100.0,73684,1524
-10.0,73775,1525
100.0,73808,1526
100.0,73879,1527
-10.0,73896,1528
-10.0,73971,1529
100.0,74130,1530
100.0,74189,1531
100.0,74222,1532
100.0,74275,1533
100.0,74348,1534
100.0,74415,1535
100.0,74488,1536
100.0,74559,1537
100.0,74576,1538
100.0,74631,1539
100.0,74698,1540
100.0,74717,1541
100.0,74824,1542
100.0,74849,1543
100.0,74917,1544
100.0,74939,1545
100.0,75012,1546
100.0,75083,1547
100.0,75112,1548
100.0,75187,1549
100.0,75238,1550
100.0,75295,1551
100.0,75324,1552
100.0,75353,1553
100.0,75402,1554
100.0,75463,1555
100.0,75496,1556
100.0,75561,1557
100.0,75588,1558
100.0,75661,1559
100.0,75716,1560
100.0,75743,1561
100.0,75762,1562
100.0,75813,1563
-10.0,75890,1564
100.0,75931,1565
100.0,75960,1566
100.0,76032,1567
100.0,76146,1568
100.0,76203,1569
100.0,76222,1570
-10.0,76283,1571
100.0,76322,1572
100.0,76387,1573
100.0,76451,1574
100.0,76483,1575
100.0,76561,1576
100.0,76611,1577
100.0,76669,1578
100.0,76687,1579
100.0,76746,1580
100.0,76765,1581
100.0,76833,1582
100.0,76903,1583
100.0,76928,1584
100.0,77003,1585
100.0,77077,1586
100.0,77083,1587
-10.0,77189,1588
100.0,77261,1589
100.0,77295,1590
100.0,77367,1591
100.0,77406,1592
100.0,77449,1593
100.0,77456,1594
100.0,77485,1595
100.0,77516,1596
100.0,77587,1597
100.0,77630,1598
100.0,77647,1599
100.0,77724,1600
100.0,77765,1601
100.0,77780,1602
100.0,77787,1603
100.0,77898,1604
-10.0,77950,1605
100.0,77966,1606
100.0,78009,1607
100.0,78029,1608
100.0,78055,1609
100.0,78104,1610
100.0,78137,1611
100.0,78194,1612
100.0,78215,1613
100.0,78222,1614
100.0,78281,1615
-10.0,78419,1616
100.0,78439,1617
100.0,78472,1618
100.0,78544,1619
100.0,78570,1620
100.0,78625,1621
100.0,78692,1622
100.0,78711,1623
-10.0,78754,1624
100.0,78841,1625
100.0,78878,1626
-10.0,78901,1627
-10.0,78998,1628
100.0,79017,1629
100.0,79062,1630
100.0,79169,1631
-10.0,79231,1632
100.0,79285,1633
100.0,79307,1634
100.0,79343,1635
100.0,79384,1636
-10.0,79403,1637
-10.0,79503,1638
100.0,79609,1639
100.0,79660,1640
100.0,79695,1641
100.0,79752,1642
100.0,79787,1643
100.0,79808,1644
-10.0,79864,1645
100.0,79930,1646
100.0,79989,1647
100.0,80014,1648
100.0,80083,1649
100.0,80147,1650
100.0,80173,1651
100.0,80180,1652
100.0,80199,1653
100.0,80218,1654
100.0,80225,1655
100.0,80268,1656
100.0,80332,1657
100.0,80392,1658
100.0,80417,1659
100.0,80434,1660
100.0,80453,1661
-10.0,80700,1662
100.0,80737,1663
100.0,80746,1664
100.0,80767,1665
100.0,80796,1666
100.0,80855,1667
100.0,80880,1668
-10.0,80898,1669
100.0,80930,1670
100.0,80953,1671
100.0,81149,1672
100.0,81205,1673
100.0,81222,1674
100.0,81289,1675
-10.0,81376,1676
100.0,81403,1677
100.0,81492,1678
100.0,81565,1679
100.0,81606,1680
100.0,81673,1681
100.0,81731,1682
100.0,81763,1683
100.0,81802,1684
100.0,81837,1685
100.0,81900,1686
100.0,81935,1687
-10.0,82010,1688
100.0,82041,1689
100.0,82070,1690
100.0,82137,1691
100.0,82184,1692
100.0,82209,1693
100.0,82253,1694
-10.0,82273,1695
100.0,82310,1696
100.0,82327,1697
100.0,82368,1698
100.0,82431,1699
100.0,82472,1700
-10.0,82521,1701
100.0,82548,1702
-10.0,82688,1703
-10.0,82824,1704
100.0,82899,1705
100.0,82962,1706
100.0,83023,1707
100.0,83062,1708
100.0,83079,1709
100.0,83252,1710
-10.0,83307,1711
100.0,83340,1712
-10.0,83524,1713
100.0,83560,1714
100.0,83631,1715
100.0,83654,1716
100.0,83713,1717
100.0,83741,1718
100.0,83777,1719
100.0,83808,1720
100.0,83863,1721
100.0,83926,1722
100.0,83983,1723
100.0,84030,1724
100.0,84059,1725
-10.0,84090,1726
100.0,84152,1727
100.0,84228,1728
100.0,84241,1729
-10.0,84259,1730
100.0,84285,1731
100.0,84310,1732
100.0,84319,1733
100.0,84344,1734
100.0,84377,1735
-10.0,84446,1736
-10.0,84483,1737
100.0,84538,1738
100.0,84606,1739
-10.0,84670,1740
100.0,84739,1741
100.0,84784,1742
100.0,84815,1743
100.0,84866,1744
100.0,84978,1745
100.0,85016,1746
100.0,85077,1747
100.0,85128,1748
100.0,85193,1749
100.0,85216,1750
100.0,85265,1751
-10.0,85314,1752
100.0,85321,1753
100.0,85342,1754
100.0,85349,1755
100.0,85408,1756
100.0,85461,1757
100.0,85506,1758
-10.0,85615,1759
100.0,85628,1760
100.0,85707,1761
-10.0,85778,1762
100.0,85835,1763
100.0,85862,1764
100.0,85929,1765
100.0,85972,1766
-10.0,86031,1767
100.0,86068,1768
100.0,86099,1769
100.0,86116,1770
100.0,86145,1771
100.0,86173,1772
100.0,86207,1773
100.0,86240,1774
100.0,86288,1775
100.0,86298,1776
-10.0,86357,1777
100.0,86406,1778
100.0,86491,1779
100.0,86560,1780
100.0,86589,1781
100.0,86684,1782
100.0,86726,1783
100.0,86808,1784
100.0,86887,1785
100.0,86946,1786
100.0,86987,1787
100.0,87003,1788
100.0,87023,1789
100.0,87092,1790
100.0,87155,1791
100.0,87208,1792
-10.0,87273,1793
100.0,87302,1794
100.0,87329,1795
100.0,87392,1796
100.0,87401,1797
-10.0,87466,1798
100.0,87487,1799
-10.0,87532,1800
-10.0,87833,1801
100.0,87870,1802
100.0,87905,1803
100.0,87984,1804
100.0,88005,1805
100.0,88052,1806
100.0,88071,1807
100.0,88126,1808
100.0,88179,1809
100.0,88210,1810
100.0,88247,1811
100.0,88274,1812
-10.0,88575,1813
100.0,88638,1814
100.0,88683,1815
100.0,88728,1816
100.0,88783,1817
100.0,88818,1818
100.0,88851,1819
100.0,88902,1820
100.0,88957,1821
-10.0,88992,1822
100.0,89021,1823
100.0,89046,1824
-10.0,89118,1825
100.0,89156,1826
100.0,89191,1827
100.0,89230,1828
100.0,89294,1829
100.0,89320,1830
100.0,89392,1831
100.0,89422,1832
100.0,89429,1833
100.0,89469,1834
100.0,89517,1835
100.0,89552,1836
100.0,89611,1837
100.0,89664,1838
100.0,89689,1839
100.0,89750,1840
100.0,89805,1841
100.0,89870,1842
100.0,89955,1843
100.0,89982,1844
100.0,90171,1845
100.0,90234,1846
100.0,90253,1847
100.0,90282,1848
100.0,90349,1849
100.0,90356,1850
100.0,90379,1851
-10.0,90435,1852
100.0,90467,1853
100.0,90544,1854
100.0,90571,1855
100.0,90604,1856
100.0,90679,1857
100.0,90734,1858
100.0,90777,1859
100.0,90806,1860
100.0,90855,1861
100.0,90918,1862
100.0,90978,1863
100.0,91076,1864
100.0,91083,1865
100.0,91120,1866
100.0,91159,1867
100.0,91198,1868
-10.0,91235,1869
100.0,91296,1870
100.0,91327,1871
100.0,91334,1872
100.0,91375,1873
100.0,91433,1874
100.0,91467,1875
100.0,91533,1876
100.0,91541,1877
100.0,91578,1878
-10.0,91623,1879
100.0,91650,1880
-10.0,91726,1881
100.0,91758,1882
100.0,91813,1883
100.0,91866,1884
100.0,91891,1885
100.0,91926,1886
-10.0,91977,1887
100.0,92044,1888
100.0,92089,1889
100.0,92174,1890
100.0,92237,1891
-10.0,92278,1892
100.0,92333,1893
100.0,92360,1894
100.0,92425,1895
100.0,92484,1896
100.0,92539,1897
100.0,92590,1898
100.0,92623,1899
100.0,92663,1900
100.0,92695,1901
100.0,92762,1902
100.0,92818,1903
100.0,92890,1904
100.0,92945,1905
-10.0,93008,1906
100.0,93059,1907
100.0,93114,1908
100.0,93171,1909
-10.0,93214,1910
100.0,93231,1911
100.0,93278,1912
-10.0,93325,1913
100.0,93386,1914
-10.0,93453,1915
100.0,93474,1916
100.0,93537,1917
100.0,93566,1918
100.0,93621,1919
100.0,93683,1920
100.0,93725,1921
100.0,93756,1922
100.0,93811,1923
100.0,93890,1924
100.0,93951,1925
100.0,94010,1926
100.0,94075,1927
100.0,94110,1928
100.0,94173,1929
100.0,94200,1930
100.0,94257,1931
100.0,94290,1932
100.0,94373,1933
-10.0,94412,1934
100.0,94453,1935
100.0,94491,1936
100.0,94528,1937
100.0,94559,1938
100.0,94629,1939
-10.0,94662,1940
100.0,94747,1941
100.0,94753,1942
100.0,94761,1943
100.0,94806,1944
100.0,94883,1945
100.0,94942,1946
100.0,94973,1947
-10.0,95044,1948
100.0,95069,1949
100.0,95098,1950
100.0,95113,1951
100.0,95180,1952
100.0,95189,1953
100.0,95232,1954
100.0,95295,1955
100.0,95452,1956
100.0,95505,1957
100.0,95558,1958
100.0,95609,1959
100.0,95680,1960
100.0,95733,1961
100.0,95742,1962
100.0,95775,1963
100.0,95790,1964
100.0,95797,1965
100.0,95852,1966
100.0,95885,1967
100.0,95890,1968
100.0,95959,1969
100.0,96016,1970
100.0,96045,1971
100.0,96076,1972
100.0,96143,1973
100.0,96152,1974
100.0,96221,1975
100.0,96288,1976
100.0,96297,1977
100.0,96350,1978
100.0,96371,1979
100.0,96432,1980
100.0,96461,1981
100.0,96494,1982
100.0,96549,1983
100.0,96578,1984
100.0,96605,1985
100.0,96666,1986
100.0,96719,1987
100.0,96762,1988
100.0,96769,1989
100.0,96838,1990
100.0,96873,1991
100.0,96926,1992
100.0,96945,1993
100.0,96964,1994
100.0,97011,1995
100.0,97024,1996
100.0,97048,1997
100.0,97102,1998
100.0,97159,1999
100.0,97264,2000
-10.0,97397,2001
100.0,97462,2002
-10.0,97524,2003
100.0,97598,2004
100.0,97631,2005
100.0,97672,2006
100.0,97679,2007
100.0,97714,2008
100.0,97765,2009
100.0,97810,2010
100.0,97857,2011
100.0,97866,2012
100.0,97939,2013
100.0,97959,2014
100.0,97980,2015
100.0,98066,2016
100.0,98131,2017
-10.0,98178,2018
100.0,98213,2019
100.0,98242,2020
100.0,98379,2021
100.0,98438,2022
100.0,98501,2023
100.0,98570,2024
100.0,98601,2025
100.0,98636,2026
100.0,98689,2027
100.0,98714,2028
100.0,98761,2029
100.0,98838,2030
100.0,98875,2031
100.0,98932,2032
100.0,98961,2033
100.0,99032,2034
100.0,99077,2035
100.0,99131,2036
100.0,99201,2037
100.0,99230,2038
100.0,99291,2039
100.0,99354,2040
100.0,99419,2041
100.0,99458,2042
100.0,99511,2043
100.0,99520,2044
100.0,99549,2045
100.0,99580,2046
-10.0,99625,2047
100.0,99658,2048
100.0,99729,2049
100.0,99756,2050
100.0,99811,2051
100.0,99850,2052
100.0,99907,2053
100.0,99916,2054
100.0,99981,2055
100.0,99988,2056
100.0,100014,2057
100.0,100076,2058
100.0,100146,2059
100.0,100176,2060
-10.0,100253,2061
100.0,100280,2062
100.0,100321,2063
100.0,100360,2064
100.0,100407,2065
100.0,100425,2066
100.0,100455,2067
100.0,100518,2068
-10.0,100601,2069
100.0,100650,2070
100.0,100723,2071
100.0,100756,2072
100.0,100785,2073
100.0,100804,2074
-10.0,100851,2075
100.0,100932,2076
100.0,100977,2077
100.0,101038,2078
-10.0,101067,2079
100.0,101102,2080
100.0,101139,2081
100.0,101226,2082
100.0,101281,2083
100.0,101304,2084
100.0,101321,2085
100.0,101383,2086
100.0,101399,2087
100.0,101458,2088
100.0,101477,2089
100.0,101520,2090
-10.0,101593,2091
100.0,101650,2092
100.0,101731,2093
100.0,101796,2094
100.0,101863,2095
100.0,101896,2096
100.0,101957,2097
100.0,102000,2098
100.0,102055,2099
100.0,102078,2100
100.0,102146,2101
100.0,102236,2102
100.0,102277,2103
100.0,102302,2104
100.0,102325,2105
100.0,102334,2106
100.0,102353,2107
100.0,102386,2108
100.0,102439,2109
100.0,102458,2110
-10.0,102529,2111
100.0,102570,2112
100.0,102631,2113
100.0,102648,2114
100.0,102727,2115
100.0,102770,2116
100.0,102797,2117
100.0,102848,2118
100.0,102907,2119
100.0,102938,2120
100.0,103007,2121
100.0,103036,2122
100.0,103053,2123
100.0,103092,2124
100.0,103099,2125
100.0,103116,2126
100.0,103133,2127
-10.0,103236,2128
100.0,103311,2129
100.0,103329,2130
100.0,103355,2131
100.0,103392,2132
100.0,103425,2133
-10.0,103462,2134
-10.0,103489,2135
-10.0,103560,2136
100.0,103623,2137
100.0,103674,2138
100.0,103684,2139
100.0,103744,2140
-10.0,103809,2141
100.0,103841,2142
100.0,103931,2143
-10.0,104012,2144
100.0,104031,2145
100.0,104040,2146
100.0,104093,2147
-10.0,104168,2148
100.0,104195,2149
100.0,104209,2150
100.0,104279,2151
100.0,104326,2152
100.0,104366,2153
100.0,104424,2154
100.0,104477,2155
100.0,104534,2156
100.0,104583,2157
100.0,104636,2158
100.0,104659,2159
100.0,104692,2160
100.0,104761,2161
100.0,104792,2162
100.0,104819,2163
100.0,104841,2164
100.0,104901,2165
100.0,104932,2166
100.0,104959,2167
100.0,104965,2168
100.0,105007,2169
100.0,105040,2170
100.0,105049,2171
100.0,105082,2172
100.0,105119,2173
-10.0,105169,2174
100.0,105231,2175
100.0,105286,2176
100.0,105335,2177
100.0,105354,2178
100.0,105379,2179
100.0,105444,2180
100.0,105475,2181
100.0,105516,2182
100.0,105543,2183
100.0,105594,2184
100.0,105635,2185
100.0,105666,2186
100.0,105685,2187
100.0,105756,2188
100.0,105791,2189
100.0,105806,2190
100.0,105845,2191
100.0,105873,2192
100.0,105935,2193
100.0,105990,2194
100.0,106015,2195
100.0,106050,2196
100.0,106111,2197
100.0,106182,2198
100.0,106270,2199
100.0,106298,2200
100.0,106357,2201
100.0,106415,2202
100.0,106443,2203
100.0,106520,2204
100.0,106586,2205
100.0,106640,2206
100.0,106685,2207
100.0,106732,2208
100.0,106788,2209
100.0,106814,2210
100.0,106876,2211
100.0,106909,2212
100.0,106975,2213
-10.0,107016,2214
100.0,107085,2215
100.0,107132,2216
100.0,107161,2217
-10.0,107238,2218
100.0,107245,2219
100.0,107254,2220
-10.0,107317,2221
-10.0,107618,2222
-10.0,107751,2223
100.0,107812,2224
100.0,107827,2225
100.0,107838,2226
100.0,107899,2227
100.0,107906,2228
-10.0,108207,2229
100.0,108264,2230
100.0,108309,2231
100.0,108358,2232
100.0,108419,2233
100.0,108452,2234
100.0,108479,2235
100.0,108530,2236
100.0,108599,2237
100.0,108608,2238
100.0,108670,2239
100.0,108704,2240
100.0,108733,2241
100.0,108798,2242
100.0,108853,2243
100.0,108862,2244
100.0,108879,2245
100.0,108947,2246
100.0,109017,2247
100.0,109068,2248
100.0,109160,2249
100.0,109187,2250
-10.0,109257,2251
-10.0,109334,2252
100.0,109407,2253
100.0,109482,2254
-10.0,109605,2255
100.0,109622,2256
100.0,109633,2257
100.0,109640,2258
100.0,109757,2259
100.0,109806,2260
100.0,109837,2261
-10.0,110134,2262
100.0,110283,2263
100.0,110532,2264
100.0,110557,2265
-10.0,110662,2266
-10.0,110746,2267
100.0,110770,2268
100.0,110797,2269
100.0,110868,2270
100.0,110903,2271
100.0,110972,2272
100.0,111017,2273
100.0,111090,2274
100.0,111113,2275
100.0,111172,2276
-10.0,111231,2277
100.0,111282,2278
100.0,111301,2279
100.0,111330,2280
100.0,111369,2281
100.0,111524,2282
100.0,111553,2283
100.0,111588,2284
100.0,111655,2285
100.0,111718,2286
-10.0,111788,2287
100.0,111840,2288
100.0,111889,2289
-10.0,111924,2290
100.0,111946,2291
100.0,111974,2292
-10.0,112009,2293
100.0,112060,2294
100.0,112070,2295
100.0,112100,2296
100.0,112109,2297
100.0,112144,2298
100.0,112197,2299
100.0,112252,2300
100.0,112314,2301
100.0,112386,2302
100.0,112393,2303
100.0,112446,2304
100.0,112566,2305
100.0,112854,2306
100.0,112909,2307
100.0,112942,2308
100.0,112971,2309
100.0,113002,2310
100.0,113091,2311
100.0,113142,2312
-10.0,113190,2313
-10.0,113252,2314
100.0,113291,2315
100.0,113362,2316
100.0,113385,2317
100.0,113436,2318
100.0,113475,2319
100.0,113522,2320
100.0,113583,2321
100.0,113620,2322
100.0,113641,2323
100.0,113674,2324
100.0,113707,2325
100.0,113730,2326
100.0,113785,2327
100.0,113812,2328
100.0,113858,2329
100.0,113888,2330
100.0,113898,2331
100.0,113954,2332
100.0,113985,2333
-10.0,114034,2334
100.0,114085,2335
100.0,114114,2336
100.0,114139,2337
100.0,114201,2338
100.0,114219,2339
100.0,114290,2340
100.0,114340,2341
100.0,114370,2342
-10.0,114449,2343
100.0,114484,2344
100.0,114495,2345
100.0,114564,2346
100.0,114629,2347
100.0,114654,2348
100.0,114721,2349
100.0,114768,2350
100.0,114821,2351
100.0,114852,2352
100.0,114909,2353
100.0,114947,2354
100.0,114997,2355
100.0,115024,2356
-10.0,115056,2357
100.0,115090,2358
100.0,115139,2359
100.0,115203,2360
100.0,115211,2361
100.0,115243,2362
100.0,115251,2363
100.0,115259,2364
100.0,115267,2365
100.0,115299,2366
100.0,115357,2367
100.0,115431,2368
100.0,115505,2369
100.0,115556,2370
100.0,115627,2371
100.0,115682,2372
100.0,115733,2373
100.0,115798,2374
100.0,115845,2375
100.0,115876,2376
100.0,115929,2377
100.0,115946,2378
100.0,115980,2379
100.0,116020,2380
100.0,116037,2381
100.0,116062,2382
100.0,116092,2383
-10.0,116122,2384
100.0,116189,2385
-10.0,116276,2386
100.0,116305,2387
100.0,116382,2388
100.0,116475,2389
100.0,116542,2390
100.0,116571,2391
100.0,116603,2392
100.0,116633,2393
-10.0,116731,2394
100.0,116737,2395
100.0,116764,2396
100.0,116789,2397
100.0,116842,2398
-10.0,117075,2399
100.0,117134,2400
100.0,117183,2401
100.0,117224,2402
100.0,117253,2403
-10.0,117373,2404
100.0,117443,2405
100.0,117486,2406
100.0,117551,2407
100.0,117561,2408
100.0,117601,2409
100.0,117662,2410
100.0,117689,2411
100.0,117746,2412
100.0,117806,2413
100.0,117844,2414
100.0,117877,2415
-10.0,117944,2416
100.0,118013,2417
100.0,118051,2418
-10.0,118077,2419
100.0,118155,2420
100.0,118221,2421
100.0,118274,2422
-10.0,118555,2423
100.0,118620,2424
-10.0,118667,2425
100.0,118730,2426
100.0,118747,2427
100.0,118804,2428
100.0,118871,2429
100.0,118900,2430
100.0,118933,2431
100.0,119008,2432
100.0,119033,2433
100.0,119062,2434
100.0,119121,2435
100.0,119204,2436
100.0,119239,2437
100.0,119282,2438
100.0,119311,2439
100.0,119360,2440
100.0,119387,2441
100.0,119452,2442
100.0,119523,2443
100.0,119560,2444
100.0,119589,2445
100.0,119620,2446
-10.0,119679,2447
100.0,119717,2448
-10.0,119764,2449
100.0,119808,2450
-10.0,119879,2451
-10.0,119912,2452
100.0,119976,2453
100.0,120006,2454
100.0,120041,2455
100.0,120062,2456
100.0,120128,2457
100.0,120178,2458
100.0,120243,2459
-10.0,120266,2460
100.0,120295,2461
100.0,120304,2462
100.0,120373,2463
100.0,120400,2464
-10.0,120415,2465
100.0,120472,2466
100.0,120477,2467
100.0,120518,2468
100.0,120573,2469
-10.0,120590,2470
100.0,120647,2471
100.0,120692,2472
100.0,120743,2473
100.0,120768,2474
100.0,120815,2475
100.0,120821,2476
100.0,120891,2477
100.0,120978,2478
100.0,120988,2479
100.0,120998,2480
100.0,121027,2481
100.0,121086,2482
-10.0,121117,2483
100.0,121144,2484
100.0,121200,2485
100.0,121232,2486
100.0,121281,2487
100.0,121334,2488
100.0,121345,2489
100.0,121365,2490
-10.0,121439,2491
100.0,121498,2492
100.0,121561,2493
100.0,121570,2494
100.0,121625,2495
100.0,121632,2496
100.0,121661,2497
100.0,121690,2498
100.0,121736,2499
100.0,121792,2500
100.0,121825,2501
100.0,121874,2502
100.0,121937,2503
-10.0,121988,2504
100.0,122043,2505
100.0,122096,2506
100.0,122129,2507
100.0,122218,2508
100.0,122237,2509
100.0,122301,2510
100.0,122321,2511
100.0,122351,2512
100.0,122419,2513
100.0,122438,2514
100.0,122470,2515
100.0,122502,2516
100.0,122509,2517
100.0,122532,2518
-10.0,122603,2519
100.0,122634,2520
100.0,122650,2521
-10.0,122671,2522
100.0,122718,2523
100.0,122727,2524
100.0,122760,2525
100.0,122800,2526
100.0,122856,2527
100.0,122907,2528
100.0,122948,2529
100.0,122981,2530
100.0,123042,2531
100.0,123109,2532
100.0,123116,2533
100.0,123195,2534
-10.0,123223,2535
100.0,123257,2536
100.0,123288,2537
100.0,123293,2538
100.0,123376,2539
100.0,123473,2540
100.0,123494,2541
100.0,123511,2542
100.0,123540,2543
100.0,123599,2544
100.0,123654,2545
100.0,123721,2546
100.0,123728,2547
100.0,123795,2548
100.0,123812,2549
100.0,123881,2550
100.0,123900,2551
100.0,123927,2552
100.0,123934,2553
100.0,123983,2554
100.0,124016,2555
100.0,124059,2556
-10.0,124125,2557
100.0,124189,2558
100.0,124262,2559
100.0,124293,2560
100.0,124332,2561
100.0,124361,2562
100.0,124396,2563
100.0,124407,2564
100.0,124414,2565
100.0,124487,2566
100.0,124554,2567
100.0,124605,2568
100.0,124660,2569
100.0,124687,2570
100.0,124728,2571
100.0,124753,2572
-10.0,124825,2573
100.0,124861,2574
100.0,124892,2575
100.0,124921,2576
100.0,124938,2577
100.0,125013,2578
100.0,125070,2579
100.0,125101,2580
100.0,125180,2581
100.0,125198,2582
100.0,125228,2583
100.0,125245,2584
100.0,125264,2585
100.0,125279,2586
100.0,125330,2587
100.0,125399,2588
100.0,125426,2589
100.0,125479,2590
100.0,125654,2591
100.0,125684,2592
100.0,125720,2593
100.0,125766,2594
100.0,125794,2595
100.0,125829,2596
100.0,125886,2597
100.0,125935,2598
100.0,125974,2599
100.0,126033,2600
100.0,126053,2601
100.0,126145,2602
100.0,126224,2603
100.0,126243,2604
100.0,126312,2605
100.0,126343,2606
100.0,126396,2607
100.0,126423,2608
100.0,126452,2609
100.0,126468,2610
100.0,126544,2611
100.0,126599,2612
100.0,126662,2613
-10.0,126683,2614
100.0,126689,2615
100.0,126717,2616
100.0,126746,2617
100.0,126775,2618
100.0,126812,2619
100.0,126881,2620
100.0,126932,2621
100.0,127011,2622
-10.0,127031,2623
100.0,127057,2624
100.0,127085,2625
100.0,127095,2626
100.0,127130,2627
-10.0,127155,2628
100.0,127212,2629
100.0,127227,2630
100.0,127253,2631
100.0,127303,2632
100.0,127318,2633
100.0,127369,2634
100.0,127428,2635
100.0,127491,2636
100.0,127542,2637
100.0,127577,2638
100.0,127618,2639
100.0,127689,2640
100.0,127695,2641
-10.0,127718,2642
100.0,127746,2643
-10.0,127799,2644
-10.0,127956,2645
100.0,127997,2646
100.0,128052,2647
100.0,128120,2648
100.0,128174,2649
100.0,128189,2650
100.0,128226,2651
100.0,128261,2652
-10.0,128547,2653
100.0,128603,2654
100.0,128660,2655
100.0,128729,2656
-10.0,128798,2657
-10.0,128817,2658
100.0,128834,2659
100.0,128875,2660
100.0,128914,2661
100.0,128923,2662
100.0,128994,2663
100.0,129057,2664
-10.0,129078,2665
100.0,129123,2666
100.0,129179,2667
100.0,129201,2668
100.0,129266,2669
100.0,129375,2670
100.0,129394,2671
100.0,129455,2672
100.0,129528,2673
100.0,129557,2674
100.0,129634,2675
100.0,129652,2676
-10.0,129677,2677
-10.0,129753,2678
100.0,129809,2679
100.0,129835,2680
100.0,129886,2681
100.0,129937,2682
-10.0,129993,2683
100.0,130019,2684
100.0,130052,2685
100.0,130097,2686
100.0,130124,2687
100.0,130155,2688
100.0,130172,2689
100.0,130221,2690
100.0,130286,2691
100.0,130311,2692
-10.0,130335,2693
100.0,130403,2694
100.0,130422,2695
100.0,130501,2696
100.0,130518,2697
100.0,130578,2698
100.0,130606,2699
100.0,130623,2700
100.0,130662,2701
100.0,130687,2702
100.0,130748,2703
100.0,130775,2704
100.0,130802,2705
100.0,130874,2706
100.0,130948,2707
100.0,130989,2708
100.0,131026,2709
100.0,131089,2710
100.0,131144,2711
100.0,131217,2712
100.0,131267,2713
-10.0,131327,2714
100.0,131354,2715
100.0,131363,2716
100.0,131390,2717
100.0,131421,2718
100.0,131455,2719
-10.0,131503,2720
100.0,131550,2721
100.0,131597,2722
-10.0,131622,2723
100.0,131681,2724
100.0,131738,2725
100.0,131805,2726
100.0,131872,2727
100.0,131881,2728
100.0,131896,2729
100.0,131957,2730
-10.0,132024,2731
100.0,132089,2732
100.0,132148,2733
100.0,132173,2734
100.0,132248,2735
100.0,132257,2736
100.0,132310,2737
100.0,132339,2738
-10.0,132387,2739
100.0,132453,2740
100.0,132487,2741
100.0,132557,2742
100.0,132785,2743
100.0,133003,2744
100.0,133066,2745
100.0,133137,2746
100.0,133186,2747
100.0,133209,2748
100.0,133270,2749
100.0,133293,2750
100.0,133360,2751
100.0,133413,2752
100.0,133466,2753
-10.0,133483,2754
100.0,133506,2755
-10.0,133567,2756
100.0,133600,2757
100.0,133625,2758
100.0,133692,2759
100.0,133729,2760
100.0,133778,2761
100.0,133805,2762
100.0,133876,2763
100.0,133883,2764
100.0,133892,2765
-10.0,133999,2766
-10.0,134016,2767
100.0,134046,2768
100.0,134056,2769
100.0,134150,2770
100.0,134170,2771
100.0,134201,2772
100.0,134266,2773
100.0,134339,2774
100.0,134388,2775
100.0,134412,2776
100.0,134438,2777
100.0,134447,2778
100.0,134462,2779
100.0,134517,2780
100.0,134550,2781
100.0,134558,2782
100.0,134576,2783
100.0,134633,2784
100.0,134696,2785
100.0,134721,2786
100.0,134780,2787
100.0,134814,2788
100.0,134875,2789
100.0,134927,2790
-10.0,135042,2791
100.0,135089,2792
100.0,135144,2793
100.0,135164,2794
100.0,135192,2795
100.0,135255,2796
100.0,135318,2797
100.0,135345,2798
100.0,135398,2799
100.0,135431,2800
100.0,135464,2801
100.0,135483,2802
-10.0,135540,2803
100.0,135593,2804
100.0,135628,2805
-10.0,135643,2806
100.0,135708,2807
-10.0,135770,2808
100.0,135836,2809
100.0,135895,2810
-10.0,135960,2811
100.0,135977,2812
100.0,135986,2813
100.0,136035,2814
100.0,136064,2815
100.0,136141,2816
100.0,136181,2817
100.0,136261,2818
100.0,136324,2819
100.0,136377,2820
100.0,136386,2821
100.0,136450,2822
100.0,136470,2823
100.0,136537,2824
100.0,136596,2825
100.0,136663,2826
100.0,136694,2827
100.0,136701,2828
100.0,136724,2829
100.0,136761,2830
100.0,136836,2831
100.0,136911,2832
100.0,136918,2833
100.0,136985,2834
100.0,137046,2835
100.0,137063,2836
-10.0,137085,2837
100.0,137114,2838
100.0,137130,2839
100.0,137159,2840
100.0,137220,2841
100.0,137251,2842
100.0,137330,2843
100.0,137391,2844
100.0,137457,2845
-10.0,137502,2846
100.0,137582,2847
100.0,137645,2848
100.0,137678,2849
-10.0,137717,2850
100.0,137796,2851
100.0,137853,2852
100.0,137926,2853
-10.0,137985,2854
100.0,138034,2855
100.0,138087,2856
100.0,138118,2857
100.0,138167,2858
100.0,138218,2859
100.0,138245,2860
100.0,138264,2861
100.0,138307,2862
100.0,138344,2863
100.0,138411,2864
100.0,138436,2865
100.0,138493,2866
100.0,138522,2867
100.0,138579,2868
100.0,138632,2869
100.0,138687,2870
100.0,138706,2871
100.0,138781,2872
100.0,138808,2873
100.0,138845,2874
100.0,138908,2875
100.0,138971,2876
100.0,138992,2877
-10.0,139042,2878
100.0,139086,2879
100.0,139115,2880
-10.0,139181,2881
100.0,139241,2882
100.0,139271,2883
100.0,139311,2884
100.0,139376,2885
100.0,139519,2886
100.0,139575,2887
-10.0,139597,2888
100.0,139618,2889
100.0,139671,2890
100.0,139721,2891
100.0,139767,2892
100.0,139792,2893
100.0,139839,2894
100.0,139870,2895
100.0,139895,2896
100.0,139912,2897
100.0,139935,2898
100.0,139952,2899
100.0,139983,2900
-10.0,140000,2901
-10.0,140055,2902
100.0,140090,2903
100.0,140115,2904
100.0,140186,2905
100.0,140222,2906
100.0,140288,2907
100.0,140329,2908
100.0,140392,2909
100.0,140399,2910
100.0,140423,2911
-10.0,140445,2912
100.0,140502,2913
100.0,140565,2914
100.0,140596,2915
100.0,140677,2916
100.0,140744,2917
100.0,140771,2918
100.0,140822,2919
100.0,140839,2920
100.0,140916,2921
100.0,140951,2922
100.0,140978,2923
100.0,141007,2924
100.0,141034,2925
100.0,141091,2926
100.0,141162,2927
-10.0,141191,2928
100.0,141216,2929
100.0,141259,2930
100.0,141298,2931
-10.0,141367,2932
100.0,141413,2933
100.0,141448,2934
100.0,141456,2935
100.0,141519,2936
100.0,141576,2937
100.0,141605,2938
100.0,141668,2939
100.0,141697,2940
100.0,141764,2941
100.0,141789,2942
100.0,141812,2943
100.0,141845,2944
100.0,141890,2945
100.0,141910,2946
100.0,141986,2947
100.0,142059,2948
100.0,142122,2949
-10.0,142148,2950
100.0,142195,2951
100.0,142256,2952
100.0,142292,2953
100.0,142339,2954
100.0,142420,2955
100.0,142445,2956
100.0,142454,2957
100.0,142501,2958
100.0,142550,2959
100.0,142589,2960
100.0,142667,2961
-10.0,142695,2962
100.0,142710,2963
100.0,142763,2964
100.0,142828,2965
100.0,142867,2966
100.0,142904,2967
100.0,142965,2968
100.0,143004,2969
100.0,143012,2970
100.0,143030,2971
100.0,143059,2972
100.0,143106,2973
100.0,143135,2974
100.0,143164,2975
100.0,143196,2976
100.0,143264,2977
100.0,143351,2978
100.0,143370,2979
-10.0,143397,2980
100.0,143450,2981
100.0,143481,2982
100.0,143514,2983
100.0,143547,2984
100.0,143574,2985
100.0,143580,2986
100.0,143606,2987
100.0,143627,2988
100.0,143658,2989
100.0,143705,2990
100.0,143728,2991
100.0,143761,2992
100.0,143780,2993
100.0,143797,2994
100.0,143818,2995
100.0,143877,2996
100.0,143908,2997
100.0,143933,2998
100.0,143990,2999
100.0,144009,3000
100.0,144066,3001
100.0,144085,3002
-10.0,144152,3003
-10.0,144174,3004
100.0,144216,3005
100.0,144233,3006
100.0,144308,3007
100.0,144323,3008
100.0,144356,3009
100.0,144373,3010
-10.0,144440,3011
100.0,144463,3012
100.0,144516,3013
100.0,144589,3014
100.0,144620,3015
100.0,144707,3016
100.0,144774,3017
100.0,144825,3018
100.0,144836,3019
100.0,144909,3020
100.0,144940,3021
100.0,144969,3022
100.0,145008,3023
100.0,145017,3024
100.0,145036,3025
100.0,145053,3026
100.0,145078,3027
100.0,145115,3028
100.0,145152,3029
100.0,145231,3030
100.0,145316,3031
100.0,145323,3032
100.0,145358,3033
100.0,145433,3034
100.0,145450,3035
100.0,145486,3036
100.0,145512,3037
100.0,145599,3038
100.0,145672,3039
100.0,145697,3040
100.0,145722,3041
100.0,145749,3042
100.0,145800,3043
100.0,145862,3044
100.0,145900,3045
100.0,145929,3046
-10.0,146002,3047
100.0,146031,3048
100.0,146064,3049
100.0,146123,3050
100.0,146154,3051
-10.0,146225,3052
100.0,146277,3053
-10.0,146307,3054
100.0,146314,3055
100.0,146367,3056
100.0,146384,3057
-10.0,146445,3058
100.0,146454,3059
100.0,146501,3060
100.0,146528,3061
100.0,146613,3062
100.0,146634,3063
-10.0,146657,3064
100.0,146722,3065
100.0,146751,3066
100.0,146772,3067
100.0,146853,3068
-10.0,146930,3069
100.0,146951,3070
100.0,146978,3071
100.0,147015,3072
100.0,147082,3073
100.0,147143,3074
100.0,147148,3075
100.0,147203,3076
100.0,147222,3077
100.0,147283,3078
100.0,147330,3079
100.0,147411,3080
100.0,147442,3081
100.0,147481,3082
100.0,147526,3083
100.0,147555,3084
100.0,147620,3085
-10.0,147651,3086
100.0,147680,3087
100.0,147711,3088
100.0,147761,3089
100.0,147821,3090
100.0,147894,3091
100.0,147901,3092
100.0,147940,3093
100.0,148011,3094
100.0,148055,3095
100.0,148079,3096
100.0,148170,3097
100.0,148179,3098
100.0,148254,3099
100.0,148283,3100
100.0,148358,3101
100.0,148380,3102
100.0,148462,3103
100.0,148535,3104
100.0,148605,3105
100.0,148681,3106
100.0,148708,3107
100.0,148767,3108
100.0,148792,3109
100.0,148849,3110
100.0,148886,3111
100.0,148969,3112
100.0,149029,3113
100.0,149147,3114
100.0,149204,3115
100.0,149281,3116
100.0,149356,3117
100.0,149427,3118
100.0,149481,3119
100.0,149499,3120
100.0,149528,3121
100.0,149535,3122
100.0,149558,3123
-10.0,149629,3124
100.0,149708,3125
100.0,149726,3126
100.0,149733,3127
100.0,149769,3128
-10.0,149819,3129
100.0,149869,3130
100.0,149896,3131
100.0,149939,3132
100.0,149972,3133
100.0,150031,3134
100.0,150060,3135
100.0,150081,3136
100.0,150156,3137
100.0,150179,3138
100.0,150258,3139
-10.0,150308,3140
100.0,150336,3141
100.0,150391,3142
-10.0,150431,3143
100.0,150487,3144
100.0,150522,3145
100.0,150591,3146
100.0,150614,3147
100.0,150658,3148
100.0,150742,3149
100.0,150810,3150
100.0,150816,3151
100.0,150838,3152
100.0,150844,3153
100.0,150851,3154
100.0,150922,3155
100.0,151001,3156
100.0,151078,3157
-10.0,151118,3158
100.0,151144,3159
100.0,151211,3160
100.0,151258,3161
100.0,151281,3162
-10.0,151350,3163
100.0,151397,3164
100.0,151426,3165
100.0,151451,3166
-10.0,151540,3167
100.0,151597,3168
100.0,151604,3169
100.0,151627,3170
100.0,151634,3171
100.0,151653,3172
100.0,151730,3173
100.0,151769,3174
100.0,151800,3175
100.0,151827,3176
100.0,151870,3177
100.0,151899,3178
100.0,151932,3179
100.0,151939,3180
100.0,151968,3181
100.0,151997,3182
100.0,152018,3183
100.0,152059,3184
100.0,152080,3185
100.0,152107,3186
100.0,152186,3187
100.0,152239,3188
100.0,152294,3189
100.0,152379,3190
100.0,152403,3191
100.0,152428,3192
-10.0,152502,3193
100.0,152537,3194
100.0,152608,3195
100.0,152663,3196
100.0,152746,3197
100.0,152772,3198
100.0,152782,3199
100.0,152809,3200
100.0,152862,3201
100.0,152871,3202
100.0,152934,3203
100.0,152954,3204
100.0,152992,3205
100.0,152999,3206
100.0,153080,3207
100.0,153133,3208
100.0,153170,3209
100.0,153225,3210
100.0,153272,3211
100.0,153303,3212
-10.0,153420,3213
100.0,153451,3214
100.0,153479,3215
100.0,153512,3216
100.0,153538,3217
100.0,153591,3218
100.0,153650,3219
-10.0,153731,3220
100.0,153762,3221
100.0,153770,3222
100.0,153788,3223
100.0,153859,3224
100.0,153888,3225
100.0,153919,3226
100.0,153982,3227
100.0,154029,3228
100.0,154060,3229
100.0,154122,3230
100.0,154166,3231
100.0,154194,3232
100.0,154266,3233
100.0,154315,3234
100.0,154363,3235
100.0,154417,3236
100.0,154470,3237
-10.0,154507,3238
100.0,154534,3239
100.0,154612,3240
100.0,154671,3241
100.0,154703,3242
100.0,154712,3243
100.0,154755,3244
100.0,154792,3245
-10.0,154809,3246
-10.0,154838,3247
-10.0,154893,3248
100.0,154969,3249
100.0,154997,3250
100.0,155008,3251
100.0,155065,3252
-10.0,155158,3253
100.0,155193,3254
100.0,155258,3255
100.0,155327,3256
100.0,155382,3257
100.0,155425,3258
100.0,155452,3259
100.0,155521,3260
100.0,155548,3261
100.0,155591,3262
100.0,155606,3263
100.0,155636,3264
100.0,155700,3265
100.0,155765,3266
-10.0,155817,3267
-10.0,155854,3268
100.0,155860,3269
100.0,155927,3270
100.0,155950,3271
100.0,155989,3272
100.0,156018,3273
100.0,156049,3274
100.0,156120,3275
-10.0,156144,3276
100.0,156152,3277
100.0,156187,3278
-10.0,156212,3279
100.0,156255,3280
100.0,156280,3281
100.0,156329,3282
100.0,156350,3283
100.0,156399,3284
100.0,156442,3285
100.0,156449,3286
100.0,156535,3287
100.0,156547,3288
100.0,156573,3289
100.0,156611,3290
100.0,156688,3291
100.0,156695,3292
-10.0,156764,3293
100.0,156785,3294
-10.0,156870,3295
100.0,156939,3296
100.0,157002,3297
100.0,157031,3298
100.0,157118,3299
-10.0,157209,3300
100.0,157239,3301
100.0,157255,3302
100.0,157262,3303
100.0,157311,3304
100.0,157367,3305
100.0,157397,3306
100.0,157468,3307
100.0,157517,3308
100.0,157544,3309
100.0,157609,3310
100.0,157642,3311
100.0,157671,3312
100.0,157789,3313
100.0,157821,3314
100.0,157879,3315
100.0,157905,3316
100.0,157911,3317
100.0,157943,3318
-10.0,157995,3319
100.0,158027,3320
-10.0,158086,3321
100.0,158169,3322
100.0,158202,3323
100.0,158219,3324
100.0,158268,3325
100.0,158313,3326
100.0,158392,3327
100.0,158447,3328
100.0,158466,3329
100.0,158493,3330
100.0,158526,3331
100.0,158567,3332
100.0,158592,3333
100.0,158643,3334
100.0,158680,3335
100.0,158751,3336
100.0,158772,3337
100.0,158805,3338
100.0,158856,3339
100.0,158905,3340
100.0,158922,3341
100.0,159006,3342
-10.0,159075,3343
100.0,159149,3344
100.0,159186,3345
100.0,159221,3346
100.0,159312,3347
100.0,159343,3348
100.0,159410,3349
100.0,159439,3350
100.0,159494,3351
100.0,159503,3352
-10.0,159527,3353
100.0,159590,3354
100.0,159610,3355
100.0,159667,3356
100.0,159700,3357
100.0,159729,3358
100.0,159786,3359
100.0,159841,3360
100.0,159868,3361
100.0,159883,3362
100.0,159914,3363
100.0,159941,3364
100.0,159998,3365
100.0,160004,3366
100.0,160032,3367
100.0,160069,3368
100.0,160146,3369
100.0,160225,3370
100.0,160300,3371
100.0,160381,3372
100.0,160436,3373
100.0,160529,3374
-10.0,160573,3375
100.0,160641,3376
100.0,160674,3377
100.0,160701,3378
100.0,160716,3379
100.0,160767,3380
100.0,160802,3381
100.0,160847,3382
100.0,160898,3383
100.0,160991,3384
100.0,161050,3385
100.0,161095,3386
-10.0,161130,3387
100.0,161163,3388
100.0,161198,3389
100.0,161245,3390
100.0,161260,3391
100.0,161278,3392
-10.0,161367,3393
100.0,161441,3394
100.0,161502,3395
100.0,161533,3396
100.0,161557,3397
100.0,161683,3398
100.0,161727,3399
100.0,161753,3400
100.0,161822,3401
100.0,161853,3402
100.0,161887,3403
100.0,161915,3404
100.0,161960,3405
100.0,162013,3406
100.0,162043,3407
-10.0,162112,3408
100.0,162128,3409
100.0,162143,3410
100.0,162150,3411
100.0,162197,3412
100.0,162203,3413
-10.0,162485,3414
100.0,162525,3415
100.0,162549,3416
100.0,162557,3417
100.0,162572,3418
100.0,162594,3419
100.0,162611,3420
100.0,162628,3421
100.0,162653,3422
100.0,162704,3423
100.0,162747,3424
100.0,162786,3425
100.0,162794,3426
100.0,162812,3427
100.0,162879,3428
100.0,162890,3429
100.0,162915,3430
100.0,162984,3431
100.0,163035,3432
100.0,163064,3433
100.0,163095,3434
100.0,163120,3435
100.0,163167,3436
100.0,163234,3437
100.0,163299,3438
100.0,163323,3439
100.0,163357,3440
-10.0,163476,3441
100.0,163485,3442
100.0,163492,3443
-10.0,163551,3444
100.0,163578,3445
100.0,163649,3446
100.0,163656,3447
100.0,163727,3448
100.0,163780,3449
100.0,163809,3450
100.0,163840,3451
100.0,163895,3452
100.0,163938,3453
100.0,163992,3454
100.0,164036,3455
100.0,164069,3456
100.0,164132,3457
100.0,164181,3458
100.0,164216,3459
100.0,164282,3460
100.0,164307,3461
100.0,164331,3462
100.0,164348,3463
100.0,164377,3464
100.0,164454,3465
-10.0,164600,3466
100.0,164666,3467
100.0,164761,3468
100.0,164776,3469
100.0,164826,3470
100.0,164834,3471
-10.0,164853,3472
100.0,164884,3473
100.0,164926,3474
100.0,164992,3475
100.0,165047,3476
100.0,165108,3477
100.0,165137,3478
100.0,165156,3479
100.0,165179,3480
100.0,165238,3481
100.0,165255,3482
-10.0,165322,3483
100.0,165349,3484
100.0,165412,3485
100.0,165484,3486
100.0,165512,3487
100.0,165603,3488
100.0,165675,3489
100.0,165694,3490
100.0,165754,3491
100.0,165823,3492
-10.0,165876,3493
100.0,165921,3494
100.0,165978,3495
100.0,165987,3496
100.0,166050,3497
100.0,166102,3498
100.0,166158,3499
-10.0,166203,3500
100.0,166234,3501
100.0,166309,3502
100.0,166380,3503
100.0,166453,3504
100.0,166504,3505
100.0,166570,3506
100.0,166576,3507
100.0,166665,3508
100.0,166728,3509
-10.0,166781,3510
-10.0,166809,3511
100.0,166875,3512
100.0,166926,3513
100.0,166973,3514
100.0,166992,3515
100.0,167065,3516
-10.0,167132,3517
100.0,167183,3518
100.0,167254,3519
100.0,167347,3520
100.0,167381,3521
100.0,167428,3522
100.0,167458,3523
100.0,167521,3524
100.0,167578,3525
100.0,167601,3526
100.0,167606,3527
-10.0,167631,3528
100.0,167690,3529
100.0,167749,3530
100.0,167766,3531
100.0,167811,3532
100.0,167870,3533
100.0,167925,3534
100.0,167974,3535
100.0,168015,3536
100.0,168122,3537
100.0,168193,3538
100.0,168260,3539
100.0,168287,3540
-10.0,168367,3541
100.0,168399,3542
100.0,168472,3543
100.0,168539,3544
100.0,168589,3545
100.0,168613,3546
100.0,168672,3547
100.0,168722,3548
100.0,168772,3549
-10.0,168887,3550
-10.0,168924,3551
100.0,168951,3552
100.0,168984,3553
100.0,168993,3554
100.0,169026,3555
100.0,169051,3556
100.0,169080,3557
100.0,169113,3558
100.0,169146,3559
-10.0,169196,3560
100.0,169224,3561
100.0,169273,3562
100.0,169318,3563
100.0,169333,3564
100.0,169344,3565
100.0,169394,3566
100.0,169422,3567
100.0,169431,3568
100.0,169464,3569
100.0,169475,3570
100.0,169486,3571
100.0,169521,3572
100.0,169566,3573
100.0,169625,3574
100.0,169656,3575
100.0,169709,3576
100.0,169732,3577
100.0,169773,3578
100.0,169806,3579
100.0,169849,3580
100.0,169874,3581
100.0,169913,3582
100.0,169930,3583
100.0,169955,3584
100.0,169974,3585
100.0,169985,3586
100.0,170012,3587
100.0,170065,3588
100.0,170102,3589
100.0,170137,3590
-10.0,170190,3591
100.0,170219,3592
100.0,170252,3593
100.0,170271,3594
100.0,170288,3595
100.0,170317,3596
100.0,170358,3597
100.0,170391,3598
100.0,170430,3599
100.0,170467,3600
100.0,170518,3601
100.0,170563,3602
100.0,170600,3603
100.0,170623,3604
100.0,170656,3605
100.0,170687,3606
100.0,170718,3607
100.0,170769,3608
100.0,170804,3609
100.0,170839,3610
100.0,170856,3611
100.0,170907,3612
100.0,170936,3613
100.0,170967,3614
100.0,171025,3615
100.0,171053,3616
100.0,171082,3617
100.0,171109,3618
100.0,171126,3619
100.0,171163,3620
100.0,171195,3621
100.0,171224,3622
100.0,171258,3623
100.0,171277,3624
100.0,171306,3625
-10.0,171325,3626
100.0,171360,3627
100.0,171375,3628
100.0,171386,3629
100.0,171422,3630
100.0,171458,3631
100.0,171489,3632
100.0,171518,3633
100.0,171563,3634
100.0,171586,3635
100.0,171623,3636
100.0,171656,3637
100.0,171705,3638
100.0,171730,3639
100.0,171771,3640
100.0,171794,3641
100.0,171824,3642
100.0,171832,3643
100.0,171865,3644
100.0,171920,3645
100.0,171975,3646
100.0,172016,3647
100.0,172065,3648
100.0,172080,3649
100.0,172131,3650
100.0,172152,3651
100.0,172179,3652
100.0,172200,3653
100.0,172243,3654
-10.0,172282,3655
100.0,172313,3656
100.0,172358,3657
100.0,172391,3658
100.0,172408,3659
100.0,172459,3660
-10.0,172486,3661
100.0,172493,3662
100.0,172540,3663
100.0,172577,3664
100.0,172634,3665
100.0,172693,3666
100.0,172724,3667
100.0,172757,3668
100.0,172766,3669
100.0,172833,3670
100.0,172886,3671
100.0,172919,3672
-10.0,173014,3673
100.0,173101,3674
100.0,173132,3675
100.0,173185,3676
100.0,173202,3677
-10.0,173284,3678
100.0,173320,3679
-10.0,173441,3680
100.0,173476,3681
100.0,173539,3682
100.0,173590,3683
100.0,173621,3684
100.0,173682,3685
-10.0,173749,3686
100.0,173819,3687
100.0,173871,3688
-10.0,173944,3689
-10.0,173998,3690
100.0,174064,3691
100.0,174091,3692
100.0,174141,3693
100.0,174215,3694
100.0,174278,3695
100.0,174345,3696
100.0,174376,3697
100.0,174409,3698
100.0,174426,3699
100.0,174443,3700
100.0,174472,3701
100.0,174489,3702
100.0,174520,3703
100.0,174591,3704
100.0,174664,3705
100.0,174723,3706
100.0,174730,3707
100.0,174775,3708
100.0,174836,3709
100.0,174889,3710
100.0,174942,3711
100.0,174995,3712
100.0,175036,3713
100.0,175097,3714
100.0,175136,3715
100.0,175193,3716
100.0,175264,3717
100.0,175331,3718
100.0,175368,3719
100.0,175436,3720
100.0,175444,3721
100.0,175509,3722
100.0,175554,3723
-10.0,175569,3724
-10.0,175598,3725
100.0,175629,3726
100.0,175692,3727
100.0,175741,3728
100.0,175766,3729
100.0,175821,3730
100.0,175862,3731
100.0,175893,3732
100.0,175904,3733
-10.0,175931,3734
100.0,175976,3735
100.0,176025,3736
100.0,176048,3737
100.0,176099,3738
100.0,176106,3739
100.0,176157,3740
100.0,176224,3741
100.0,176255,3742
100.0,176304,3743
100.0,176325,3744
100.0,176344,3745
100.0,176369,3746
100.0,176428,3747
100.0,176451,3748
100.0,176482,3749
100.0,176547,3750
100.0,176614,3751
100.0,176639,3752
100.0,176692,3753
100.0,176763,3754
100.0,176772,3755
100.0,176799,3756
100.0,176818,3757
100.0,176867,3758
100.0,176904,3759
100.0,176935,3760
100.0,176990,3761
100.0,177045,3762
100.0,177078,3763
100.0,177155,3764
100.0,177222,3765
100.0,177269,3766
100.0,177336,3767
100.0,177367,3768
100.0,177421,3769
100.0,177447,3770
100.0,177508,3771
100.0,177557,3772
100.0,177614,3773
100.0,177665,3774
100.0,177673,3775
100.0,177709,3776
100.0,177738,3777
-10.0,177767,3778
100.0,177826,3779
100.0,177869,3780
100.0,177938,3781
100.0,177979,3782
100.0,177986,3783
100.0,178051,3784
100.0,178084,3785
100.0,178165,3786
100.0,178200,3787
100.0,178267,3788
100.0,178290,3789
100.0,178355,3790
100.0,178414,3791
100.0,178473,3792
100.0,178506,3793
100.0,178537,3794
100.0,178568,3795
100.0,178599,3796
100.0,178658,3797
100.0,178727,3798
-10.0,178804,3799
100.0,178856,3800
100.0,178900,3801
100.0,178929,3802
100.0,178990,3803
-10.0,179058,3804
100.0,179123,3805
100.0,179191,3806
100.0,179220,3807
100.0,179241,3808
100.0,179264,3809
100.0,179389,3810
100.0,179432,3811
100.0,179463,3812
100.0,179534,3813
100.0,179551,3814
100.0,179582,3815
100.0,179619,3816
100.0,179648,3817
100.0,179691,3818
100.0,179740,3819
-10.0,179801,3820
100.0,179812,3821
100.0,179831,3822
100.0,179874,3823
100.0,179895,3824
100.0,179950,3825
100.0,180003,3826
100.0,180070,3827
100.0,180097,3828
100.0,180122,3829
100.0,180179,3830
100.0,180212,3831
100.0,180287,3832
100.0,180344,3833
100.0,180409,3834
100.0,180432,3835
100.0,180495,3836
-10.0,180522,3837
-10.0,180547,3838
100.0,180572,3839
100.0,180591,3840
100.0,180616,3841
100.0,180645,3842
100.0,180690,3843
-10.0,180738,3844
100.0,180812,3845
100.0,180881,3846
100.0,180910,3847
100.0,180979,3848
100.0,181010,3849
100.0,181079,3850
100.0,181110,3851
100.0,181133,3852
-10.0,181159,3853
-10.0,181185,3854
100.0,181222,3855
100.0,181281,3856
100.0,181286,3857
100.0,181295,3858
100.0,181318,3859
100.0,181329,3860
100.0,181390,3861
100.0,181453,3862
100.0,181476,3863
-10.0,181529,3864
100.0,181562,3865
100.0,181601,3866
100.0,181660,3867
100.0,181689,3868
-10.0,181708,3869
100.0,181731,3870
100.0,181760,3871
100.0,181817,3872
100.0,181864,3873
100.0,181913,3874
100.0,181944,3875
100.0,181981,3876
100.0,182000,3877
100.0,182039,3878
100.0,182086,3879
-10.0,182131,3880
100.0,182166,3881
100.0,182227,3882
100.0,182242,3883
100.0,182269,3884
100.0,182302,3885
100.0,182327,3886
100.0,182334,3887
100.0,182408,3888
100.0,182414,3889
100.0,182493,3890
100.0,182512,3891
100.0,182575,3892
100.0,182602,3893
100.0,182619,3894
100.0,182650,3895
100.0,182719,3896
100.0,182784,3897
100.0,182839,3898
-10.0,182894,3899
100.0,182973,3900
100.0,183046,3901
100.0,183079,3902
100.0,183154,3903
100.0,183185,3904
100.0,183260,3905
100.0,183317,3906
100.0,183354,3907
100.0,183391,3908
100.0,183474,3909
100.0,183501,3910
100.0,183580,3911
100.0,183635,3912
100.0,183678,3913
100.0,183753,3914
100.0,183810,3915
100.0,183865,3916
100.0,183908,3917
100.0,183915,3918
100.0,183954,3919
100.0,184019,3920
100.0,184026,3921
100.0,184047,3922
100.0,184076,3923
100.0,184135,3924
100.0,184154,3925
100.0,184177,3926
100.0,184200,3927
100.0,184267,3928
-10.0,184295,3929
100.0,184375,3930
100.0,184412,3931
-10.0,184441,3932
100.0,184491,3933
100.0,184543,3934
100.0,184622,3935
100.0,184677,3936
100.0,184686,3937
100.0,184739,3938
100.0,184748,3939
100.0,184829,3940
100.0,184850,3941
100.0,184881,3942
100.0,184918,3943
100.0,184965,3944
100.0,184996,3945
100.0,185021,3946
100.0,185044,3947
100.0,185079,3948
100.0,185136,3949
100.0,185143,3950
100.0,185170,3951
100.0,185221,3952
100.0,185254,3953
100.0,185303,3954
100.0,185314,3955
100.0,185351,3956
100.0,185376,3957
100.0,185401,3958
100.0,185419,3959
100.0,185427,3960
100.0,185480,3961
100.0,185507,3962
100.0,185554,3963
100.0,185585,3964
100.0,185608,3965
100.0,185637,3966
100.0,185690,3967
100.0,185763,3968
100.0,185792,3969
100.0,185833,3970
100.0,185860,3971
100.0,185913,3972
100.0,185930,3973
100.0,185953,3974
100.0,185960,3975
100.0,185969,3976
100.0,185996,3977
100.0,186019,3978
100.0,186050,3979
100.0,186089,3980
100.0,186117,3981
100.0,186149,3982
100.0,186158,3983
100.0,186213,3984
-10.0,186256,3985
100.0,186307,3986
100.0,186360,3987
100.0,186377,3988
100.0,186410,3989
100.0,186467,3990
-10.0,186498,3991
100.0,186515,3992
100.0,186544,3993
100.0,186619,3994
-10.0,186665,3995
100.0,186699,3996
100.0,186736,3997
100.0,186743,3998
100.0,186792,3999
100.0,186819,4000
100.0,186874,4001
100.0,186957,4002
100.0,186994,4003
100.0,187019,4004
100.0,187068,4005
100.0,187125,4006
100.0,187146,4007
100.0,187203,4008
100.0,187255,4009
100.0,187319,4010
100.0,187374,4011
100.0,187423,4012
100.0,187474,4013
100.0,187491,4014
100.0,187524,4015
100.0,187575,4016
-10.0,187591,4017
100.0,187643,4018
100.0,187702,4019
100.0,187711,4020
100.0,187754,4021
100.0,187783,4022
100.0,187838,4023
100.0,187893,4024
100.0,187958,4025
100.0,187967,4026
100.0,187996,4027
100.0,188039,4028
100.0,188066,4029
100.0,188093,4030
100.0,188122,4031
100.0,188151,4032
100.0,188194,4033
100.0,188257,4034
100.0,188334,4035
100.0,188359,4036
100.0,188384,4037
100.0,188399,4038
100.0,188450,4039
100.0,188497,4040
100.0,188526,4041
100.0,188545,4042
100.0,188570,4043
100.0,188593,4044
-10.0,188663,4045
100.0,188701,4046
100.0,188734,4047
100.0,188762,4048
100.0,188784,4049
100.0,188821,4050
100.0,188852,4051
100.0,188861,4052
100.0,188888,4053
100.0,188909,4054
100.0,188934,4055
100.0,188997,4056
100.0,189024,4057
100.0,189057,4058
100.0,189104,4059
100.0,189165,4060
100.0,189202,4061
100.0,189259,4062
100.0,189284,4063
100.0,189311,4064
100.0,189318,4065
100.0,189339,4066
100.0,189396,4067
100.0,189423,4068
100.0,189430,4069
100.0,189449,4070
-10.0,189506,4071
100.0,189533,4072
100.0,189566,4073
100.0,189595,4074
100.0,189624,4075
100.0,189643,4076
100.0,189674,4077
100.0,189679,4078
100.0,189706,4079
100.0,189777,4080
100.0,189826,4081
100.0,189855,4082
100.0,189922,4083
100.0,189973,4084
100.0,190026,4085
100.0,190075,4086
100.0,190110,4087
100.0,190135,4088
100.0,190152,4089
100.0,190201,4090
100.0,190216,4091
100.0,190223,4092
-10.0,190242,4093
100.0,190271,4094
100.0,190326,4095
100.0,190331,4096
100.0,190414,4097
100.0,190443,4098
100.0,190528,4099
100.0,190553,4100
100.0,190620,4101
100.0,190669,4102
100.0,190676,4103
100.0,190735,4104
100.0,190781,4105
100.0,190805,4106
-10.0,190840,4107
100.0,190867,4108
100.0,190896,4109
100.0,190921,4110
100.0,190926,4111
100.0,190969,4112
100.0,190984,4113
100.0,190993,4114
100.0,191058,4115
100.0,191115,4116
100.0,191166,4117
100.0,191191,4118
100.0,191252,4119
100.0,191281,4120
100.0,191308,4121
100.0,191333,4122
100.0,191348,4123
100.0,191359,4124
100.0,191374,4125
100.0,191433,4126
100.0,191495,4127
-10.0,191535,4128
100.0,191552,4129
100.0,191611,4130
100.0,191623,4131
100.0,191668,4132
100.0,191724,4133
100.0,191755,4134
100.0,191804,4135
-10.0,191829,4136
100.0,191900,4137
100.0,191925,4138
100.0,191982,4139
100.0,192005,4140
100.0,192032,4141
100.0,192069,4142
100.0,192084,4143
100.0,192137,4144
100.0,192170,4145
100.0,192201,4146
100.0,192234,4147
100.0,192254,4148
-10.0,192317,4149
100.0,192389,4150
100.0,192434,4151
100.0,192493,4152
100.0,192516,4153
100.0,192581,4154
100.0,192624,4155
100.0,192639,4156
100.0,192704,4157
100.0,192765,4158
100.0,192804,4159
100.0,192885,4160
100.0,192966,4161
100.0,193001,4162
100.0,193024,4163
100.0,193079,4164
100.0,193102,4165
100.0,193179,4166
100.0,193232,4167
100.0,193258,4168
-10.0,193296,4169
100.0,193355,4170
100.0,193380,4171
100.0,193411,4172
100.0,193432,4173
100.0,193485,4174
100.0,193516,4175
100.0,193579,4176
100.0,193626,4177
100.0,193695,4178
100.0,193720,4179
100.0,193751,4180
-10.0,193816,4181
100.0,193835,4182
100.0,193900,4183
100.0,193955,4184
100.0,193974,4185
100.0,193999,4186
100.0,194022,4187
100.0,194055,4188
100.0,194088,4189
100.0,194124,4190
100.0,194156,4191
100.0,194215,4192
100.0,194246,4193
100.0,194275,4194
100.0,194298,4195
100.0,194305,4196
100.0,194334,4197
-10.0,194357,4198
100.0,194376,4199
100.0,194395,4200
100.0,194428,4201
100.0,194439,4202
100.0,194518,4203
100.0,194571,4204
100.0,194636,4205
100.0,194657,4206
100.0,194684,4207
-10.0,194711,4208
100.0,194730,4209
100.0,194749,4210
100.0,194776,4211
100.0,194840,4212
100.0,194888,4213
100.0,194893,4214
100.0,194944,4215
100.0,194973,4216
100.0,194990,4217
100.0,195019,4218
100.0,195064,4219
100.0,195135,4220
100.0,195184,4221
100.0,195205,4222
100.0,195256,4223
100.0,195326,4224
100.0,195347,4225
100.0,195373,4226
100.0,195388,4227
100.0,195441,4228
100.0,195470,4229
100.0,195541,4230
100.0,195630,4231
100.0,195645,4232
100.0,195708,4233
100.0,195761,4234
100.0,195796,4235
100.0,195847,4236
100.0,195904,4237
-10.0,195930,4238
100.0,195982,4239
100.0,196013,4240
100.0,196028,4241
100.0,196093,4242
-10.0,196124,4243
100.0,196195,4244
-10.0,196261,4245
100.0,196293,4246
100.0,196326,4247
100.0,196355,4248
100.0,196420,4249
-10.0,196446,4250
100.0,196499,4251
100.0,196521,4252
100.0,196550,4253
100.0,196599,4254
100.0,196642,4255
100.0,196659,4256
100.0,196714,4257
100.0,196763,4258
-10.0,196786,4259
100.0,196815,4260
100.0,196866,4261
100.0,196889,4262
100.0,196917,4263
100.0,196995,4264
100.0,197072,4265
100.0,197093,4266
100.0,197144,4267
100.0,197173,4268
100.0,197203,4269
-10.0,197231,4270
100.0,197238,4271
100.0,197253,4272
100.0,197284,4273
-10.0,197355,4274
100.0,197392,4275
100.0,197417,4276
100.0,197466,4277
100.0,197487,4278
100.0,197510,4279
100.0,197531,4280
100.0,197584,4281
-10.0,197632,4282
100.0,197694,4283
100.0,197725,4284
-10.0,197770,4285
100.0,197794,4286
100.0,197818,4287
100.0,197833,4288
100.0,197862,4289
100.0,197888,4290
100.0,197916,4291
100.0,197955,4292
100.0,197986,4293
100.0,198039,4294
-10.0,198120,4295
-10.0,198132,4296
-10.0,198148,4297
100.0,198195,4298
100.0,198220,4299
-10.0,198281,4300
100.0,198312,4301
100.0,198365,4302
100.0,198392,4303
100.0,198419,4304
100.0,198446,4305
-10.0,198467,4306
100.0,198518,4307
100.0,198550,4308
-10.0,198592,4309
100.0,198609,4310
-10.0,198635,4311
-10.0,198661,4312
100.0,198678,4313
-10.0,198711,4314
100.0,198725,4315
-10.0,198790,4316
100.0,198822,4317
100.0,198851,4318
100.0,198896,4319
100.0,198912,4320
100.0,198934,4321
100.0,198959,4322
100.0,198980,4323
100.0,199029,4324
100.0,199053,4325
-10.0,199075,4326
100.0,199104,4327
100.0,199125,4328
-10.0,199161,4329
100.0,199191,4330
100.0,199208,4331
100.0,199259,4332
100.0,199286,4333
100.0,199299,4334
100.0,199320,4335
100.0,199341,4336
100.0,199390,4337
100.0,199457,4338
100.0,199490,4339
100.0,199529,4340
100.0,199555,4341
100.0,199583,4342
100.0,199602,4343
100.0,199629,4344
100.0,199653,4345
100.0,199669,4346
100.0,199688,4347
100.0,199715,4348
100.0,199736,4349
100.0,199751,4350
-10.0,199800,4351
100.0,199847,4352
100.0,199874,4353
100.0,199898,4354
100.0,199922,4355
-10.0,199965,4356
100.0,199982,4357
100.0,200003,4358
100.0,200028,4359
100.0,200051,4360
100.0,200130,4361
100.0,200155,4362
100.0,200192,4363
100.0,200201,4364
-10.0,200227,4365
100.0,200243,4366
100.0,200258,4367
100.0,200283,4368
-10.0,200338,4369
100.0,200361,4370
100.0,200388,4371
100.0,200409,4372
100.0,200430,4373
100.0,200443,4374
100.0,200480,4375
100.0,200510,4376
-10.0,200530,4377
100.0,200547,4378
100.0,200574,4379
100.0,200605,4380
100.0,200648,4381
100.0,200689,4382
-10.0,200702,4383
100.0,200709,4384
100.0,200746,4385
100.0,200763,4386
100.0,200790,4387
100.0,200847,4388
100.0,200896,4389
100.0,200924,4390
100.0,200980,4391
100.0,201005,4392
100.0,201020,4393
100.0,201081,4394
100.0,201118,4395
100.0,201177,4396
100.0,201202,4397
-10.0,201259,4398
100.0,201318,4399
100.0,201333,4400
100.0,201374,4401
100.0,201389,4402
-10.0,201454,4403
100.0,201511,4404
100.0,201590,4405
100.0,201639,4406
100.0,201718,4407
100.0,201729,4408
100.0,201800,4409
100.0,201865,4410
100.0,201892,4411
100.0,201919,4412
100.0,201970,4413
100.0,202011,4414
100.0,202072,4415
100.0,202117,4416
100.0,202148,4417
100.0,202157,4418
100.0,202210,4419
100.0,202239,4420
100.0,202257,4421
100.0,202285,4422
100.0,202333,4423
100.0,202387,4424
100.0,202418,4425
100.0,202427,4426
100.0,202454,4427
100.0,202524,4428
100.0,202569,4429
100.0,202579,4430
-10.0,202644,4431
100.0,202659,4432
100.0,202666,4433
100.0,202691,4434
100.0,202714,4435
100.0,202787,4436
100.0,202810,4437
100.0,202865,4438
100.0,202892,4439
100.0,202921,4440
100.0,202964,4441
100.0,202993,4442
100.0,203016,4443
100.0,203023,4444
100.0,203050,4445
100.0,203089,4446
-10.0,203172,4447
100.0,203233,4448
100.0,203262,4449
100.0,203295,4450
-10.0,203320,4451
100.0,203351,4452
100.0,203404,4453
100.0,203413,4454
100.0,203442,4455
100.0,203485,4456
100.0,203536,4457
100.0,203565,4458
100.0,203616,4459
100.0,203663,4460
100.0,203679,4461
-10.0,203715,4462
100.0,203722,4463
100.0,203743,4464
100.0,203749,4465
100.0,203771,4466
100.0,203797,4467
-10.0,203849,4468
100.0,203875,4469
100.0,203883,4470
100.0,203934,4471
100.0,203957,4472
100.0,203996,4473
100.0,204023,4474
100.0,204050,4475
100.0,204079,4476
100.0,204128,4477
100.0,204159,4478
100.0,204181,4479
100.0,204231,4480
100.0,204258,4481
100.0,204285,4482
100.0,204358,4483
100.0,204383,4484
100.0,204415,4485
100.0,204447,4486
100.0,204464,4487
100.0,204493,4488
100.0,204514,4489
100.0,204553,4490
100.0,204562,4491
100.0,204581,4492
100.0,204630,4493
100.0,204705,4494
100.0,204752,4495
-10.0,204786,4496
100.0,204826,4497
100.0,204843,4498
100.0,204918,4499
100.0,204949,4500
100.0,205002,4501
100.0,205027,4502
-10.0,205056,4503
-10.0,205115,4504
100.0,205166,4505
100.0,205201,4506
100.0,205226,4507
100.0,205233,4508
-10.0,205295,4509
100.0,205321,4510
100.0,205344,4511
100.0,205363,4512
100.0,205406,4513
100.0,205453,4514
-10.0,205504,4515
100.0,205553,4516
100.0,205574,4517
100.0,205619,4518
100.0,205664,4519
100.0,205735,4520
100.0,205786,4521
100.0,205833,4522
100.0,205868,4523
100.0,205883,4524
100.0,205908,4525
100.0,205935,4526
100.0,205970,4527
100.0,206046,4528
100.0,206090,4529
-10.0,206103,4530
100.0,206133,4531
100.0,206191,4532
100.0,206219,4533
100.0,206265,4534
100.0,206274,4535
100.0,206335,4536
100.0,206362,4537
100.0,206413,4538
100.0,206460,4539
100.0,206483,4540
100.0,206542,4541
100.0,206605,4542
100.0,206641,4543
100.0,206669,4544
100.0,206674,4545
-10.0,206735,4546
100.0,206774,4547
100.0,206797,4548
100.0,206841,4549
100.0,206868,4550
100.0,206918,4551
100.0,206951,4552
100.0,206974,4553
100.0,207013,4554
-10.0,207082,4555
100.0,207132,4556
100.0,207156,4557
100.0,207181,4558
100.0,207196,4559
100.0,207259,4560
100.0,207268,4561
100.0,207313,4562
100.0,207320,4563
100.0,207375,4564
100.0,207427,4565
100.0,207502,4566
100.0,207519,4567
100.0,207566,4568
100.0,207601,4569
100.0,207632,4570
100.0,207683,4571
100.0,207720,4572
100.0,207759,4573
100.0,207810,4574
100.0,207829,4575
100.0,207866,4576
100.0,207893,4577
100.0,207930,4578
100.0,207985,4579
100.0,208020,4580
100.0,208035,4581
-10.0,208052,4582
100.0,208095,4583
100.0,208120,4584
100.0,208145,4585
100.0,208170,4586
100.0,208207,4587
100.0,208222,4588
100.0,208255,4589
100.0,208290,4590
100.0,208379,4591
100.0,208414,4592
100.0,208439,4593
100.0,208452,4594
100.0,208507,4595
100.0,208558,4596
100.0,208611,4597
-10.0,208626,4598
100.0,208657,4599
100.0,208706,4600
100.0,208729,4601
100.0,208764,4602
-10.0,208803,4603
100.0,208836,4604
100.0,208883,4605
100.0,208906,4606
100.0,208930,4607
100.0,208937,4608
-10.0,208962,4609
100.0,209012,4610
100.0,209087,4611
100.0,209117,4612
100.0,209123,4613
-10.0,209140,4614
100.0,209171,4615
100.0,209234,4616
100.0,209259,4617
100.0,209332,4618
100.0,209361,4619
100.0,209420,4620
100.0,209445,4621
100.0,209480,4622
100.0,209507,4623
100.0,209528,4624
100.0,209553,4625
-10.0,209616,4626
100.0,209623,4627
100.0,209630,4628
-10.0,209648,4629
100.0,209677,4630
100.0,209711,4631
100.0,209726,4632
100.0,209755,4633
100.0,209776,4634
-10.0,209807,4635
100.0,209858,4636
100.0,209883,4637
100.0,209958,4638
-10.0,209983,4639
100.0,210016,4640
100.0,210039,4641
100.0,210066,4642
100.0,210085,4643
100.0,210132,4644
-10.0,210203,4645
100.0,210210,4646
100.0,210237,4647
100.0,210282,4648
100.0,210347,4649
100.0,210370,4650
100.0,210397,4651
100.0,210454,4652
100.0,210475,4653
100.0,210504,4654
100.0,210555,4655
100.0,210572,4656
100.0,210589,4657
100.0,210628,4658
100.0,210671,4659
100.0,210704,4660
100.0,210729,4661
100.0,210736,4662
100.0,210783,4663
100.0,210842,4664
100.0,210860,4665
100.0,210876,4666
100.0,210883,4667
100.0,210942,4668
100.0,210969,4669
100.0,211006,4670
100.0,211065,4671
-10.0,211094,4672
100.0,211141,4673
100.0,211182,4674
100.0,211209,4675
100.0,211250,4676
100.0,211289,4677
100.0,211307,4678
100.0,211375,4679
100.0,211390,4680
100.0,211437,4681
100.0,211510,4682
100.0,211539,4683
100.0,211580,4684
100.0,211605,4685
100.0,211638,4686
100.0,211685,4687
100.0,211692,4688
100.0,211761,4689
100.0,211778,4690
100.0,211829,4691
100.0,211858,4692
100.0,211875,4693
100.0,211905,4694
100.0,211983,4695
100.0,212040,4696
100.0,212065,4697
100.0,212074,4698
100.0,212117,4699
100.0,212175,4700
100.0,212201,4701
100.0,212242,4702
100.0,212261,4703
100.0,212328,4704
-10.0,212391,4705
100.0,212414,4706
100.0,212429,4707
100.0,212448,4708
100.0,212493,4709
100.0,212511,4710
100.0,212536,4711
100.0,212565,4712
100.0,212594,4713
100.0,212619,4714
100.0,212657,4715
100.0,212685,4716
100.0,212694,4717
100.0,212713,4718
100.0,212742,4719
100.0,212771,4720
100.0,212798,4721
100.0,212821,4722
100.0,212872,4723
100.0,212929,4724
100.0,212936,4725
100.0,212979,4726
100.0,213007,4727
-10.0,213035,4728
100.0,213058,4729
100.0,213067,4730
100.0,213124,4731
100.0,213173,4732
100.0,213194,4733
100.0,213233,4734
100.0,213268,4735
100.0,213289,4736
100.0,213326,4737
100.0,213341,4738
100.0,213366,4739
-10.0,213425,4740
-10.0,213442,4741
100.0,213457,4742
100.0,213504,4743
100.0,213535,4744
100.0,213569,4745
100.0,213597,4746
100.0,213622,4747
100.0,213655,4748
100.0,213698,4749
-10.0,213757,4750
100.0,213808,4751
100.0,213829,4752
100.0,213856,4753
100.0,213923,4754
100.0,213938,4755
100.0,213963,4756
100.0,214012,4757
100.0,214081,4758
100.0,214128,4759
100.0,214183,4760
100.0,214224,4761
100.0,214267,4762
100.0,214302,4763
100.0,214325,4764
100.0,214364,4765
100.0,214437,4766
100.0,214481,4767
100.0,214513,4768
100.0,214532,4769
100.0,214599,4770
100.0,214641,4771
100.0,214685,4772
100.0,214752,4773
100.0,214783,4774
100.0,214830,4775
100.0,214849,4776
100.0,214876,4777
-10.0,214929,4778
100.0,214972,4779
100.0,215021,4780
100.0,215027,4781
100.0,215063,4782
100.0,215130,4783
100.0,215189,4784
100.0,215210,4785
100.0,215237,4786
100.0,215268,4787
100.0,215295,4788
100.0,215340,4789
100.0,215387,4790
100.0,215430,4791
100.0,215473,4792
100.0,215490,4793
100.0,215517,4794
100.0,215585,4795
100.0,215591,4796
100.0,215654,4797
100.0,215661,4798
100.0,215730,4799
100.0,215746,4800
100.0,215777,4801
100.0,215825,4802
100.0,215880,4803
100.0,215905,4804
100.0,215938,4805
100.0,215985,4806
100.0,216004,4807
100.0,216043,4808
100.0,216082,4809
100.0,216129,4810
100.0,216148,4811
-10.0,216165,4812
100.0,216184,4813
100.0,216213,4814
100.0,216246,4815
100.0,216297,4816
100.0,216360,4817
100.0,216387,4818
100.0,216394,4819
100.0,216399,4820
100.0,216424,4821
100.0,216481,4822
100.0,216544,4823
100.0,216619,4824
100.0,216666,4825
100.0,216691,4826
100.0,216724,4827
100.0,216750,4828
100.0,216818,4829
100.0,216859,4830
100.0,216898,4831
100.0,216919,4832
100.0,216984,4833
100.0,216999,4834
100.0,217040,4835
100.0,217097,4836
100.0,217118,4837
100.0,217175,4838
100.0,217260,4839
100.0,217275,4840
100.0,217322,4841
100.0,217387,4842
100.0,217412,4843
100.0,217449,4844
100.0,217504,4845
100.0,217547,4846
100.0,217612,4847
100.0,217640,4848
100.0,217663,4849
100.0,217686,4850
100.0,217693,4851
100.0,217708,4852
100.0,217735,4853
100.0,217792,4854
100.0,217823,4855
100.0,217886,4856
100.0,217909,4857
100.0,217970,4858
100.0,218025,4859
100.0,218048,4860
100.0,218075,4861
100.0,218084,4862
100.0,218135,4863
100.0,218140,4864
100.0,218195,4865
100.0,218234,4866
100.0,218299,4867
100.0,218357,4868
100.0,218365,4869
100.0,218396,4870
100.0,218403,4871
100.0,218410,4872
-10.0,218462,4873
100.0,218496,4874
100.0,218515,4875
100.0,218534,4876
100.0,218593,4877
100.0,218644,4878
100.0,218669,4879
100.0,218696,4880
100.0,218747,4881
100.0,218774,4882
100.0,218815,4883
100.0,218884,4884
100.0,218935,4885
100.0,218978,4886
-10.0,219003,4887
100.0,219058,4888
100.0,219085,4889
100.0,219092,4890
100.0,219101,4891
100.0,219148,4892
100.0,219209,4893
100.0,219256,4894
100.0,219303,4895
100.0,219358,4896
100.0,219381,4897
100.0,219414,4898
100.0,219441,4899
100.0,219464,4900
100.0,219515,4901
100.0,219566,4902
100.0,219583,4903
100.0,219626,4904
100.0,219637,4905
100.0,219654,4906
100.0,219671,4907
100.0,219706,4908
100.0,219749,4909
100.0,219788,4910
100.0,219809,4911
-10.0,219858,4912
-10.0,219893,4913
100.0,219918,4914
100.0,219933,4915
-10.0,219948,4916
100.0,219971,4917
100.0,219998,4918
100.0,220031,4919
-10.0,220048,4920
100.0,220111,4921
100.0,220138,4922
100.0,220205,4923
100.0,220248,4924
100.0,220273,4925
100.0,220324,4926
100.0,220367,4927
100.0,220412,4928
100.0,220429,4929
-10.0,220456,4930
100.0,220463,4931
100.0,220522,4932
100.0,220541,4933
100.0,220588,4934
100.0,220657,4935
100.0,220718,4936
100.0,220761,4937
100.0,220800,4938
100.0,220857,4939
100.0,220874,4940
100.0,220891,4941
100.0,220906,4942
100.0,220953,4943
100.0,220994,4944
100.0,221017,4945
100.0,221034,4946
100.0,221265,4947
100.0,221306,4948
100.0,221353,4949
100.0,221378,4950
100.0,221441,4951
100.0,221488,4952
100.0,221509,4953
100.0,221546,4954
100.0,221579,4955
100.0,221600,4956
100.0,221629,4957
100.0,221682,4958
100.0,221717,4959
100.0,221744,4960
100.0,221777,4961
100.0,221828,4962
100.0,221893,4963
100.0,221922,4964
100.0,221985,4965
100.0,222000,4966
-10.0,222019,4967
100.0,222042,4968
100.0,222079,4969
100.0,222112,4970
100.0,222181,4971
100.0,222242,4972
100.0,222262,4973
100.0,222296,4974
100.0,222351,4975
100.0,222378,4976
100.0,222411,4977
100.0,222482,4978
100.0,222499,4979
100.0,222538,4980
100.0,222601,4981
100.0,222640,4982
100.0,222657,4983
100.0,222678,4984
100.0,222707,4985
100.0,222730,4986
100.0,222756,4987
100.0,222763,4988
100.0,222794,4989
100.0,222801,4990
100.0,222856,4991
100.0,222885,4992
100.0,222908,4993
100.0,222953,4994
100.0,222960,4995
100.0,222973,4996
100.0,223026,4997
100.0,223047,4998
100.0,223078,4999
100.0,223183,5000
100.0,223248,5001
100.0,223277,5002
100.0,223292,5003
100.0,223335,5004
100.0,223372,5005
100.0,223439,5006
100.0,223446,5007
100.0,223494,5008
100.0,223520,5009
100.0,223557,5010
100.0,223572,5011
100.0,223589,5012
-10.0,223654,5013
100.0,223689,5014
100.0,223740,5015
100.0,223791,5016
100.0,223818,5017
100.0,223879,5018
-10.0,223896,5019
100.0,223925,5020
-10.0,223983,5021
100.0,224023,5022
100.0,224058,5023
100.0,224079,5024
100.0,224106,5025
100.0,224161,5026
100.0,224210,5027
100.0,224241,5028
100.0,224264,5029
100.0,224281,5030
100.0,224322,5031
100.0,224339,5032
100.0,224356,5033
-10.0,224373,5034
100.0,224428,5035
100.0,224490,5036
100.0,224532,5037
100.0,224577,5038
100.0,224600,5039
100.0,224617,5040
100.0,224640,5041
100.0,224665,5042
100.0,224694,5043
100.0,224717,5044
100.0,224740,5045
100.0,224793,5046
100.0,224820,5047
